signal,human_si,wcs
S08510_L0239_E001,10.0,90.0
S08529_L0216_E001,71.4285714286,71.42857142857143
S08532_L0242_E001,0.0,14.285714285714286
S08537_L0229_E001,0.0,28.571428571428573
S08537_L0242_E001,0.0,14.285714285714286
S08540_L0206_E001,0.0,0.0
S08540_L0212_E001,0.0,0.0
S08554_L0218_E001,100.0,87.5
S08554_L0221_E001,100.0,87.5
S08555_L0216_E001,42.8571428571,100.0
S08558_L0227_E001,0.0,100.0
S08561_L0239_E001,0.0,14.285714285714286
S08566_L0218_E001,0.0,0.0
S08574_L0206_E001,0.0,0.0
S08574_L0212_E001,0.0,33.333333333333336
S08575_L0240_E001,70.0,80.0
S08576_L0229_E001,0.0,100.0
S08578_L0224_E001,0.0,0.0
S08579_L0219_E001,14.2857142857,28.571428571428573
S08579_L0225_E001,85.7142857143,28.571428571428573
S08582_L0215_E001,87.5,100.0
S08594_L0225_E001,30.0,60.0
S08594_L0231_E001,40.0,50.0
S08600_L0227_E001,42.8571428571,85.71428571428571
S08606_L0224_E001,0.0,66.66666666666667
S08614_L0218_E001,40.0,0.0
S08625_L0200_E001,62.5,100.0
S08627_L0219_E001,0.0,11.11111111111111
S08628_L0243_E001,100.0,100.0
S08636_L0243_E001,100.0,100.0
S08637_L0222_E001,100.0,100.0
S08644_L0219_E001,87.5,87.5
S08644_L0225_E001,100.0,75.0
S08645_L0240_E001,100.0,66.66666666666667
S08651_L0215_E001,70.0,100.0
S08652_L0219_E001,0.0,66.66666666666667
S08653_L0231_E001,42.8571428571,0.0
S08658_L0239_E001,0.0,71.42857142857143
S08660_L0231_E001,100.0,62.5
S08682_L0217_E001,11.1111111111,55.55555555555556
S08683_L0224_E001,0.0,77.77777777777777
S08685_L0240_E001,0.0,0.0
S08686_L0239_E001,0.0,0.0
S08689_L0239_E001,14.2857142857,85.71428571428571
S08690_L0227_E001,100.0,100.0
S08702_L0201_E001,0.0,71.42857142857143
S08703_L0229_E001,50.0,25.0
S08707_L0215_E001,0.0,0.0
S08710_L0243_E001,0.0,0.0
S08723_L0201_E001,25.0,87.5
S08725_L0217_E001,70.0,90.0
S08727_L0224_E001,0.0,88.88888888888889
S08732_L0200_E001,0.0,50.0
S08732_L0240_E001,87.5,50.0
S08739_L0236_E001,0.0,90.0
S08742_L0229_E001,28.5714285714,85.71428571428571
S08743_L0222_E001,0.0,71.42857142857143
S08745_L0218_E001,42.8571428571,100.0
S08745_L0221_E001,100.0,100.0
S08750_L0222_E001,57.1428571429,100.0
S08751_L0229_E001,0.0,10.0
S08752_L0209_E001,42.8571428571,0.0
S08753_L0219_E001,0.0,66.66666666666667
S08753_L0225_E001,44.4444444444,77.77777777777777
S08759_L0216_E001,0.0,0.0
S08765_L0201_E001,12.5,75.0
S08766_L0201_E001,50.0,75.0
S08767_L0206_E001,0.0,0.0
S08778_L0212_E001,0.0,0.0
S08778_L0221_E001,28.5714285714,0.0
S08779_L0212_E001,100.0,14.285714285714286
S08779_L0221_E001,71.4285714286,42.857142857142854
S08780_L0206_E001,100.0,100.0
S08780_L0212_E001,100.0,100.0
S08781_L0201_E001,0.0,25.0
S08782_L0243_E001,85.7142857143,85.71428571428571
S08785_L0224_E001,77.7777777778,0.0
S08790_L0240_E001,90.0,100.0
S08791_L0200_E001,28.5714285714,71.42857142857143
S08791_L0240_E001,85.7142857143,100.0
S08793_L0217_E001,0.0,0.0
S08794_L0216_E001,100.0,100.0
S08798_L0229_E001,0.0,0.0
S08800_L0243_E001,0.0,11.11111111111111
S08809_L0224_E001,0.0,33.333333333333336
S08816_L0215_E001,22.2222222222,55.55555555555556
S08817_L0243_E001,100.0,71.42857142857143
S08818_L0227_E001,85.7142857143,71.42857142857143
S08820_L0212_E001,0.0,40.0
S08820_L0221_E001,40.0,20.0
S08836_L0242_E001,33.3333333333,0.0
S08837_L0243_E001,90.0,100.0
S08843_L0215_E001,0.0,0.0
S08844_L0219_E001,0.0,100.0
S08844_L0225_E001,0.0,14.285714285714286
S08853_L0219_E001,100.0,100.0
S08862_L0217_E001,10.0,10.0
S08869_L0206_E001,77.7777777778,100.0
S08875_L0239_E001,0.0,0.0
S08887_L0218_E001,0.0,0.0
S08887_L0221_E001,0.0,0.0
S08889_L0200_E001,85.7142857143,100.0
S08889_L0240_E001,100.0,100.0
S08890_L0216_E001,42.8571428571,28.571428571428573
S08895_L0236_E001,0.0,0.0
S08901_L0224_E001,100.0,100.0
S08903_L0222_E001,0.0,0.0
S08905_L0225_E001,10.0,100.0
S08905_L0231_E001,70.0,100.0
S08911_L0243_E001,0.0,0.0
S08916_L0236_E001,0.0,33.333333333333336
S08922_L0236_E001,14.2857142857,0.0
S08923_L0236_E001,55.5555555556,100.0
S08929_L0243_E001,0.0,0.0
S08931_L0217_E001,70.0,90.0
S08935_L0216_E001,14.2857142857,14.285714285714286
S08939_L0222_E001,0.0,14.285714285714286
S08943_L0201_E001,0.0,25.0
S08949_L0231_E001,66.6666666667,88.88888888888889
S08950_L0231_E001,100.0,88.88888888888889
S08952_L0215_E001,0.0,12.5
S08956_L0242_E001,37.5,100.0
S08959_L0218_E001,0.0,14.285714285714286
S08959_L0221_E001,0.0,14.285714285714286
S08961_L0209_E001,100.0,37.5
S08965_L0219_E001,0.0,11.11111111111111
S08965_L0225_E001,0.0,11.11111111111111
S08973_L0201_E001,0.0,0.0
S08976_L0206_E001,0.0,14.285714285714286
S08977_L0243_E001,14.2857142857,57.142857142857146
S08979_L0206_E001,100.0,100.0
S08979_L0212_E001,100.0,100.0
S08980_L0242_E001,25.0,75.0
S08983_L0227_E001,0.0,50.0
S08987_L0206_E001,12.5,0.0
S08993_L0200_E001,0.0,0.0
S08993_L0240_E001,14.2857142857,0.0
S08998_L0224_E001,14.2857142857,14.285714285714286
S09011_L0209_E001,100.0,100.0
S09018_L0215_E001,88.8888888889,88.88888888888889
S09029_L0209_E001,0.0,25.0
S09030_L0243_E001,0.0,0.0
S09034_L0216_E001,25.0,25.0
S09040_L0231_E001,0.0,0.0
S09047_L0224_E001,75.0,100.0
S09049_L0222_E001,0.0,0.0
S09061_L0243_E001,100.0,100.0
S09065_L0222_E001,0.0,10.0
S09067_L0201_E001,0.0,10.0
S09069_L0217_E001,33.3333333333,100.0
S09071_L0215_E001,50.0,100.0
S09073_L0200_E001,100.0,100.0
S09073_L0240_E001,100.0,100.0
S09080_L0216_E001,70.0,90.0
S09086_L0222_E001,0.0,0.0
S09088_L0206_E001,0.0,0.0
S09088_L0212_E001,0.0,0.0
S09092_L0200_E001,0.0,0.0
S09092_L0240_E001,44.4444444444,0.0
S09094_L0239_E001,0.0,0.0
S09101_L0217_E001,100.0,100.0
S09107_L0239_E001,0.0,11.11111111111111
S09111_L0227_E001,14.2857142857,100.0
S09128_L0240_E001,100.0,90.0
S09136_L0224_E001,0.0,0.0
S09140_L0206_E001,10.0,10.0
S09140_L0212_E001,10.0,10.0
S09142_L0243_E001,0.0,14.285714285714286
S09144_L0224_E001,30.0,100.0
S09154_L0224_E001,0.0,0.0
S09155_L0206_E001,14.2857142857,85.71428571428571
S09156_L0236_E001,88.8888888889,100.0
S09158_L0218_E001,0.0,10.0
S09161_L0216_E001,57.1428571429,42.857142857142854
S09164_L0239_E001,0.0,50.0
S09175_L0200_E001,75.0,87.5
S09175_L0240_E001,100.0,87.5
S09181_L0219_E001,0.0,10.0
S09181_L0225_E001,0.0,10.0
S09188_L0215_E001,0.0,0.0
S09193_L0216_E001,0.0,14.285714285714286
S09196_L0215_E001,11.1111111111,33.333333333333336
S09199_L0239_E001,28.5714285714,100.0
S09203_L0206_E001,62.5,50.0
S09208_L0239_E001,0.0,14.285714285714286
S09209_L0225_E001,0.0,0.0
S09209_L0231_E001,11.1111111111,0.0
S09214_L0200_E001,100.0,100.0
S09228_L0219_E001,70.0,100.0
S09231_L0227_E001,0.0,0.0
S09245_L0206_E001,0.0,50.0
S09245_L0212_E001,0.0,75.0
S09246_L0224_E001,0.0,80.0
S09248_L0201_E001,100.0,85.71428571428571
S09250_L0212_E001,0.0,0.0
S09250_L0221_E001,0.0,0.0
S09255_L0217_E001,25.0,0.0
S09259_L0209_E001,57.1428571429,100.0
S09261_L0201_E001,88.8888888889,22.22222222222222
S09265_L0243_E001,11.1111111111,55.55555555555556
S09270_L0218_E001,100.0,100.0
S09270_L0221_E001,100.0,100.0
S09271_L0206_E001,100.0,85.71428571428571
S09271_L0212_E001,85.7142857143,100.0
S09276_L0200_E001,28.5714285714,14.285714285714286
S09277_L0243_E001,100.0,100.0
S09280_L0243_E001,100.0,100.0
S09281_L0227_E001,57.1428571429,100.0
S09282_L0209_E001,77.7777777778,100.0
S09288_L0216_E001,0.0,28.571428571428573
S09297_L0227_E001,25.0,100.0
S09298_L0206_E001,57.1428571429,0.0
S09308_L0243_E001,100.0,0.0
S09314_L0216_E001,28.5714285714,57.142857142857146
S09317_L0200_E001,28.5714285714,85.71428571428571
S09317_L0240_E001,71.4285714286,71.42857142857143
S09321_L0216_E001,100.0,87.5
S09325_L0215_E001,11.1111111111,22.22222222222222
S09328_L0216_E001,75.0,87.5
S09329_L0209_E001,28.5714285714,28.571428571428573
S09332_L0209_E001,37.5,37.5
S09338_L0227_E001,0.0,88.88888888888889
S09339_L0224_E001,0.0,50.0
S09341_L0239_E001,0.0,0.0
S09342_L0243_E001,0.0,0.0
S09345_L0215_E001,0.0,0.0
S09346_L0219_E001,100.0,42.857142857142854
S09350_L0229_E001,44.4444444444,66.66666666666667
S09350_L0242_E001,55.5555555556,88.88888888888889
S09351_L0229_E001,0.0,50.0
S09351_L0242_E001,0.0,12.5
S09352_L0229_E001,25.0,100.0
S09352_L0242_E001,100.0,100.0
S09363_L0227_E001,0.0,0.0
S09365_L0243_E001,0.0,40.0
S09366_L0215_E001,0.0,0.0
S09377_L0216_E001,0.0,12.5
S09380_L0239_E001,0.0,14.285714285714286
S09382_L0218_E001,0.0,14.285714285714286
S09382_L0221_E001,0.0,14.285714285714286
S09386_L0225_E001,28.5714285714,71.42857142857143
S09386_L0231_E001,85.7142857143,71.42857142857143
S09387_L0225_E001,20.0,20.0
S09387_L0231_E001,60.0,0.0
S09396_L0216_E001,88.8888888889,66.66666666666667
S09397_L0206_E001,14.2857142857,14.285714285714286
S09398_L0239_E001,0.0,0.0
S09402_L0201_E001,20.0,40.0
S09406_L0222_E001,0.0,0.0
S09426_L0225_E001,0.0,0.0
S09426_L0231_E001,37.5,0.0
S09438_L0218_E001,22.2222222222,88.88888888888889
S09438_L0221_E001,66.6666666667,100.0
S09446_L0222_E001,85.7142857143,100.0
S09450_L0231_E001,44.4444444444,66.66666666666667
S09451_L0216_E001,12.5,0.0
S09452_L0201_E001,28.5714285714,57.142857142857146
S09455_L0222_E001,25.0,75.0
S09459_L0219_E001,0.0,33.333333333333336
S09470_L0239_E001,0.0,11.11111111111111
S09474_L0229_E001,12.5,100.0
S09474_L0242_E001,37.5,100.0
S09480_L0209_E001,0.0,0.0
S09483_L0229_E001,0.0,40.0
S09483_L0242_E001,0.0,20.0
S09485_L0200_E001,12.5,87.5
S09485_L0240_E001,100.0,100.0
S09488_L0218_E001,12.5,87.5
S09488_L0221_E001,12.5,87.5
S09500_L0218_E001,100.0,42.857142857142854
S09502_L0242_E001,0.0,0.0
S09509_L0231_E001,100.0,87.5
S09510_L0222_E001,0.0,14.285714285714286
S09515_L0216_E001,100.0,100.0
S09519_L0219_E001,77.7777777778,100.0
S09519_L0225_E001,66.6666666667,77.77777777777777
S09525_L0224_E001,0.0,0.0
S09532_L0222_E001,0.0,0.0
S09533_L0215_E001,42.8571428571,100.0
S09540_L0219_E001,0.0,44.44444444444444
S09543_L0227_E001,0.0,71.42857142857143
S09546_L0217_E001,0.0,10.0
S09553_L0240_E001,40.0,90.0
S09554_L0239_E001,100.0,100.0
S09564_L0224_E001,0.0,62.5
S09569_L0227_E001,0.0,12.5
S09571_L0206_E001,50.0,75.0
S09571_L0212_E001,75.0,62.5
S09573_L0229_E001,0.0,50.0
S09574_L0225_E001,25.0,100.0
S09574_L0231_E001,75.0,75.0
S09577_L0239_E001,62.5,87.5
S09579_L0229_E001,14.2857142857,71.42857142857143
S09579_L0242_E001,14.2857142857,28.571428571428573
S09580_L0225_E001,12.5,0.0
S09580_L0231_E001,62.5,0.0
S09581_L0222_E001,0.0,85.71428571428571
S09586_L0239_E001,0.0,14.285714285714286
S09587_L0229_E001,30.0,60.0
S09587_L0242_E001,80.0,70.0
S09589_L0218_E001,0.0,0.0
S09596_L0224_E001,0.0,42.857142857142854
S09606_L0224_E001,0.0,0.0
S09613_L0225_E001,0.0,60.0
S09613_L0231_E001,50.0,60.0
S09615_L0227_E001,10.0,100.0
S09616_L0217_E001,62.5,87.5
S09620_L0242_E001,0.0,71.42857142857143
S09625_L0217_E001,0.0,25.0
S09626_L0243_E001,0.0,12.5
S09627_L0219_E001,0.0,37.5
S09628_L0206_E001,100.0,100.0
S09628_L0212_E001,100.0,100.0
S09634_L0240_E001,0.0,0.0
S09637_L0242_E001,0.0,14.285714285714286
S09641_L0227_E001,14.2857142857,71.42857142857143
S09646_L0201_E001,87.5,50.0
S09649_L0201_E001,90.0,70.0
S09655_L0219_E001,0.0,0.0
S09655_L0225_E001,12.5,0.0
S09666_L0216_E001,75.0,100.0
S09669_L0225_E001,33.3333333333,77.77777777777777
S09669_L0231_E001,88.8888888889,77.77777777777777
S09670_L0201_E001,100.0,100.0
S09673_L0200_E001,0.0,50.0
S09673_L0240_E001,62.5,50.0
S09676_L0229_E001,42.8571428571,100.0
S09677_L0236_E001,88.8888888889,88.88888888888889
S09678_L0209_E001,0.0,20.0
S09681_L0227_E001,14.2857142857,85.71428571428571
S09684_L0227_E001,0.0,90.0
S09689_L0209_E001,50.0,80.0
S09704_L0217_E001,100.0,100.0
S09707_L0201_E001,0.0,0.0
S09714_L0212_E001,0.0,87.5
S09714_L0221_E001,100.0,75.0
S09715_L0219_E001,0.0,0.0
S09715_L0225_E001,0.0,14.285714285714286
S09716_L0227_E001,70.0,100.0
S09719_L0236_E001,87.5,100.0
S09733_L0224_E001,0.0,88.88888888888889
S09740_L0201_E001,20.0,80.0
S09752_L0243_E001,71.4285714286,42.857142857142854
S09753_L0243_E001,20.0,20.0
S09754_L0236_E001,0.0,14.285714285714286
S09759_L0229_E001,0.0,0.0
S09765_L0227_E001,0.0,0.0
S09767_L0209_E001,100.0,100.0
S09770_L0243_E001,0.0,0.0
S09776_L0217_E001,44.4444444444,88.88888888888889
S09793_L0215_E001,0.0,0.0
S09803_L0222_E001,0.0,57.142857142857146
S09811_L0216_E001,0.0,0.0
S09818_L0236_E001,0.0,62.5
S09819_L0218_E001,0.0,0.0
S09819_L0221_E001,14.2857142857,0.0
S09824_L0212_E001,20.0,70.0
S09824_L0221_E001,70.0,80.0
S09827_L0229_E001,10.0,80.0
S09830_L0222_E001,0.0,20.0
S09833_L0216_E001,14.2857142857,0.0
S09837_L0219_E001,0.0,55.55555555555556
S09837_L0225_E001,88.8888888889,33.333333333333336
S09841_L0206_E001,0.0,14.285714285714286
S09844_L0215_E001,11.1111111111,22.22222222222222
S09846_L0218_E001,0.0,0.0
S09856_L0227_E001,33.3333333333,77.77777777777777
S09857_L0225_E001,90.0,100.0
S09857_L0231_E001,90.0,100.0
S09860_L0215_E001,0.0,42.857142857142854
S09861_L0236_E001,71.4285714286,100.0
S09862_L0201_E001,71.4285714286,85.71428571428571
S09865_L0215_E001,0.0,12.5
S09866_L0200_E001,0.0,37.5
S09870_L0216_E001,0.0,0.0
S09877_L0236_E001,0.0,0.0
S09884_L0215_E001,0.0,100.0
S09892_L0215_E001,14.2857142857,0.0
S09893_L0240_E001,88.8888888889,100.0
S09894_L0200_E001,50.0,75.0
S09894_L0240_E001,100.0,62.5
S09899_L0227_E001,42.8571428571,100.0
S09900_L0206_E001,0.0,14.285714285714286
S09903_L0212_E001,0.0,11.11111111111111
S09903_L0221_E001,0.0,0.0
S09904_L0215_E001,0.0,10.0
S09907_L0201_E001,0.0,0.0
S09908_L0224_E001,0.0,0.0
S09911_L0236_E001,40.0,70.0
S09913_L0217_E001,0.0,71.42857142857143
S09919_L0242_E001,30.0,20.0
S09922_L0231_E001,44.4444444444,0.0
S09923_L0219_E001,0.0,57.142857142857146
S09928_L0216_E001,20.0,10.0
S09934_L0229_E001,0.0,0.0
S09934_L0242_E001,0.0,0.0
S09945_L0224_E001,0.0,0.0
S09951_L0239_E001,12.5,25.0
S09952_L0219_E001,0.0,88.88888888888889
S09952_L0225_E001,66.6666666667,66.66666666666667
S09961_L0231_E001,100.0,100.0
S09969_L0243_E001,100.0,80.0
S09971_L0219_E001,0.0,12.5
S09972_L0206_E001,14.2857142857,71.42857142857143
S10000_L0236_E001,0.0,57.142857142857146
S08508_L0243_E003,100.0,100.0
S08510_L0219_E003,100.0,100.0
S08510_L0225_E003,100.0,100.0
S08512_L0212_E003,100.0,100.0
S08512_L0221_E003,100.0,100.0
S08529_L0224_E003,85.7142857143,85.71428571428571
S08532_L0236_E003,28.5714285714,100.0
S08540_L0215_E003,88.8888888889,77.77777777777777
S08546_L0212_E003,100.0,100.0
S08546_L0221_E003,100.0,100.0
S08554_L0201_E003,100.0,100.0
S08558_L0242_E003,70.0,100.0
S08561_L0219_E003,71.4285714286,100.0
S08566_L0206_E003,100.0,71.42857142857143
S08574_L0215_E003,100.0,88.88888888888889
S08576_L0217_E003,100.0,100.0
S08578_L0200_E003,100.0,100.0
S08578_L0240_E003,100.0,100.0
S08579_L0216_E003,100.0,100.0
S08582_L0229_E003,100.0,100.0
S08590_L0240_E003,87.5,75.0
S08600_L0242_E003,100.0,100.0
S08606_L0200_E003,100.0,100.0
S08613_L0218_E003,100.0,100.0
S08613_L0221_E003,100.0,100.0
S08614_L0206_E003,90.0,100.0
S08616_L0219_E003,100.0,100.0
S08616_L0225_E003,100.0,100.0
S08625_L0218_E003,100.0,100.0
S08627_L0216_E003,100.0,88.88888888888889
S08628_L0239_E003,100.0,100.0
S08636_L0239_E003,75.0,100.0
S08637_L0231_E003,100.0,100.0
S08644_L0216_E003,100.0,100.0
S08651_L0227_E003,100.0,100.0
S08652_L0216_E003,100.0,100.0
S08653_L0224_E003,100.0,100.0
S08658_L0219_E003,14.2857142857,100.0
S08658_L0225_E003,100.0,100.0
S08660_L0224_E003,100.0,100.0
S08682_L0243_E003,100.0,100.0
S08683_L0200_E003,100.0,100.0
S08686_L0219_E003,100.0,85.71428571428571
S08689_L0219_E003,100.0,100.0
S08690_L0217_E003,100.0,100.0
S08702_L0227_E003,100.0,100.0
S08703_L0217_E003,100.0,100.0
S08707_L0229_E003,87.5,100.0
S08710_L0239_E003,28.5714285714,100.0
S08713_L0212_E003,100.0,100.0
S08713_L0221_E003,100.0,100.0
S08722_L0212_E003,100.0,100.0
S08722_L0221_E003,100.0,100.0
S08725_L0236_E003,90.0,100.0
S08727_L0200_E003,100.0,100.0
S08727_L0240_E003,100.0,100.0
S08735_L0212_E003,37.5,75.0
S08735_L0221_E003,75.0,75.0
S08739_L0209_E003,80.0,100.0
S08742_L0217_E003,100.0,100.0
S08743_L0231_E003,42.8571428571,100.0
S08745_L0201_E003,100.0,85.71428571428571
S08750_L0231_E003,100.0,100.0
S08751_L0217_E003,60.0,100.0
S08752_L0222_E003,100.0,100.0
S08753_L0216_E003,88.8888888889,100.0
S08766_L0227_E003,75.0,100.0
S08767_L0215_E003,100.0,100.0
S08778_L0201_E003,85.7142857143,100.0
S08779_L0201_E003,71.4285714286,100.0
S08780_L0215_E003,100.0,100.0
S08781_L0227_E003,100.0,100.0
S08782_L0239_E003,100.0,100.0
S08785_L0200_E003,100.0,100.0
S08785_L0240_E003,100.0,100.0
S08793_L0243_E003,100.0,100.0
S08798_L0217_E003,100.0,100.0
S08800_L0239_E003,22.2222222222,100.0
S08807_L0240_E003,90.0,100.0
S08809_L0200_E003,100.0,77.77777777777777
S08809_L0240_E003,100.0,77.77777777777777
S08816_L0227_E003,55.5555555556,88.88888888888889
S08817_L0239_E003,100.0,100.0
S08818_L0217_E003,100.0,100.0
S08820_L0201_E003,90.0,100.0
S08836_L0236_E003,100.0,100.0
S08837_L0239_E003,70.0,100.0
S08843_L0229_E003,100.0,100.0
S08844_L0216_E003,85.7142857143,100.0
S08853_L0216_E003,100.0,100.0
S08854_L0240_E003,100.0,100.0
S08862_L0236_E003,80.0,100.0
S08867_L0218_E003,71.4285714286,100.0
S08867_L0221_E003,71.4285714286,100.0
S08869_L0215_E003,77.7777777778,100.0
S08875_L0219_E003,100.0,100.0
S08883_L0218_E003,100.0,100.0
S08883_L0221_E003,100.0,100.0
S08887_L0201_E003,55.5555555556,0.0
S08891_L0218_E003,100.0,100.0
S08891_L0221_E003,100.0,100.0
S08895_L0209_E003,100.0,77.77777777777777
S08897_L0206_E003,100.0,100.0
S08897_L0212_E003,100.0,100.0
S08899_L0206_E003,100.0,71.42857142857143
S08899_L0212_E003,100.0,71.42857142857143
S08901_L0200_E003,100.0,100.0
S08903_L0231_E003,100.0,100.0
S08911_L0239_E003,100.0,100.0
S08916_L0209_E003,88.8888888889,100.0
S08922_L0209_E003,85.7142857143,100.0
S08923_L0209_E003,100.0,100.0
S08928_L0243_E003,100.0,100.0
S08929_L0239_E003,100.0,100.0
S08931_L0236_E003,80.0,100.0
S08939_L0225_E003,100.0,100.0
S08939_L0231_E003,100.0,100.0
S08943_L0227_E003,87.5,100.0
S08949_L0224_E003,100.0,100.0
S08950_L0224_E003,100.0,100.0
S08952_L0227_E003,100.0,100.0
S08956_L0236_E003,87.5,100.0
S08959_L0201_E003,100.0,85.71428571428571
S08961_L0222_E003,100.0,100.0
S08965_L0216_E003,100.0,100.0
S08969_L0229_E003,100.0,100.0
S08969_L0242_E003,85.7142857143,100.0
S08971_L0240_E003,100.0,100.0
S08976_L0215_E003,71.4285714286,100.0
S08977_L0239_E003,100.0,100.0
S08979_L0215_E003,100.0,100.0
S08980_L0236_E003,50.0,62.5
S08983_L0242_E003,40.0,90.0
S08987_L0215_E003,100.0,100.0
S08998_L0200_E003,42.8571428571,57.142857142857146
S09000_L0212_E003,100.0,100.0
S09000_L0221_E003,100.0,100.0
S09011_L0222_E003,100.0,100.0
S09018_L0229_E003,100.0,100.0
S09029_L0222_E003,100.0,100.0
S09030_L0239_E003,100.0,100.0
S09040_L0224_E003,100.0,100.0
S09047_L0200_E003,100.0,100.0
S09049_L0231_E003,100.0,100.0
S09061_L0239_E003,100.0,100.0
S09065_L0225_E003,90.0,100.0
S09065_L0231_E003,100.0,100.0
S09069_L0236_E003,100.0,88.88888888888889
S09071_L0227_E003,100.0,100.0
S09078_L0240_E003,100.0,100.0
S09080_L0224_E003,100.0,100.0
S09082_L0206_E003,77.7777777778,100.0
S09082_L0212_E003,100.0,100.0
S09086_L0231_E003,80.0,90.0
S09088_L0215_E003,100.0,100.0
S09094_L0219_E003,100.0,100.0
S09101_L0236_E003,100.0,90.0
S09107_L0219_E003,100.0,100.0
S09107_L0225_E003,100.0,100.0
S09111_L0217_E003,100.0,100.0
S09125_L0243_E003,100.0,100.0
S09136_L0200_E003,85.7142857143,100.0
S09136_L0240_E003,100.0,100.0
S09140_L0215_E003,100.0,100.0
S09142_L0239_E003,100.0,100.0
S09144_L0200_E003,100.0,100.0
S09144_L0240_E003,100.0,100.0
S09152_L0240_E003,100.0,85.71428571428571
S09154_L0200_E003,100.0,100.0
S09154_L0240_E003,100.0,100.0
S09155_L0215_E003,85.7142857143,100.0
S09156_L0209_E003,100.0,100.0
S09158_L0206_E003,100.0,100.0
S09164_L0219_E003,87.5,100.0
S09181_L0216_E003,80.0,100.0
S09188_L0229_E003,100.0,100.0
S09196_L0227_E003,44.4444444444,88.88888888888889
S09199_L0219_E003,100.0,100.0
S09199_L0225_E003,100.0,100.0
S09205_L0206_E003,85.7142857143,57.142857142857146
S09205_L0212_E003,85.7142857143,85.71428571428571
S09208_L0219_E003,100.0,100.0
S09208_L0225_E003,100.0,100.0
S09214_L0218_E003,100.0,100.0
S09227_L0229_E003,100.0,100.0
S09227_L0242_E003,100.0,100.0
S09228_L0216_E003,100.0,100.0
S09231_L0242_E003,100.0,100.0
S09245_L0215_E003,100.0,87.5
S09246_L0200_E003,60.0,100.0
S09248_L0227_E003,100.0,100.0
S09250_L0201_E003,85.7142857143,100.0
S09255_L0243_E003,100.0,100.0
S09259_L0222_E003,100.0,100.0
S09262_L0212_E003,100.0,100.0
S09262_L0221_E003,100.0,100.0
S09264_L0206_E003,100.0,100.0
S09264_L0212_E003,100.0,100.0
S09265_L0239_E003,66.6666666667,100.0
S09270_L0201_E003,100.0,100.0
S09271_L0215_E003,100.0,100.0
S09274_L0206_E003,100.0,100.0
S09274_L0212_E003,100.0,100.0
S09276_L0218_E003,100.0,100.0
S09277_L0239_E003,100.0,100.0
S09280_L0239_E003,100.0,100.0
S09281_L0217_E003,100.0,100.0
S09282_L0222_E003,88.8888888889,100.0
S09288_L0224_E003,14.2857142857,100.0
S09297_L0217_E003,100.0,100.0
S09298_L0215_E003,100.0,100.0
S09306_L0212_E003,100.0,100.0
S09306_L0221_E003,75.0,100.0
S09308_L0239_E003,100.0,100.0
S09314_L0224_E003,100.0,100.0
S09315_L0218_E003,71.4285714286,100.0
S09315_L0221_E003,71.4285714286,100.0
S09325_L0229_E003,100.0,100.0
S09329_L0222_E003,0.0,100.0
S09332_L0222_E003,100.0,100.0
S09338_L0242_E003,88.8888888889,100.0
S09339_L0200_E003,100.0,100.0
S09341_L0219_E003,90.0,100.0
S09341_L0225_E003,100.0,100.0
S09342_L0239_E003,80.0,100.0
S09343_L0243_E003,100.0,71.42857142857143
S09345_L0227_E003,75.0,100.0
S09346_L0216_E003,100.0,100.0
S09362_L0243_E003,100.0,100.0
S09363_L0242_E003,100.0,100.0
S09365_L0239_E003,50.0,90.0
S09366_L0229_E003,100.0,100.0
S09380_L0219_E003,57.1428571429,100.0
S09380_L0225_E003,85.7142857143,71.42857142857143
S09382_L0201_E003,100.0,85.71428571428571
S09396_L0224_E003,100.0,100.0
S09397_L0215_E003,71.4285714286,85.71428571428571
S09398_L0219_E003,28.5714285714,100.0
S09398_L0225_E003,100.0,100.0
S09402_L0227_E003,60.0,100.0
S09406_L0231_E003,100.0,100.0
S09436_L0229_E003,100.0,100.0
S09436_L0242_E003,100.0,100.0
S09438_L0201_E003,100.0,100.0
S09446_L0225_E003,85.7142857143,100.0
S09446_L0231_E003,100.0,100.0
S09448_L0243_E003,90.0,100.0
S09450_L0224_E003,100.0,100.0
S09451_L0224_E003,100.0,100.0
S09452_L0227_E003,85.7142857143,100.0
S09455_L0231_E003,87.5,100.0
S09459_L0216_E003,100.0,88.88888888888889
S09460_L0229_E003,100.0,100.0
S09460_L0242_E003,100.0,100.0
S09463_L0212_E003,100.0,100.0
S09463_L0221_E003,100.0,100.0
S09470_L0219_E003,66.6666666667,77.77777777777777
S09470_L0225_E003,77.7777777778,77.77777777777777
S09476_L0206_E003,88.8888888889,100.0
S09476_L0212_E003,100.0,100.0
S09480_L0222_E003,50.0,100.0
S09488_L0201_E003,75.0,100.0
S09500_L0206_E003,100.0,100.0
S09502_L0236_E003,100.0,100.0
S09509_L0224_E003,100.0,100.0
S09510_L0225_E003,100.0,100.0
S09510_L0231_E003,100.0,100.0
S09519_L0216_E003,100.0,100.0
S09525_L0200_E003,55.5555555556,100.0
S09529_L0206_E003,100.0,66.66666666666667
S09532_L0225_E003,88.8888888889,100.0
S09532_L0231_E003,88.8888888889,100.0
S09533_L0227_E003,71.4285714286,100.0
S09540_L0216_E003,100.0,100.0
S09542_L0218_E003,100.0,100.0
S09542_L0221_E003,100.0,71.42857142857143
S09543_L0217_E003,100.0,100.0
S09546_L0243_E003,70.0,100.0
S09554_L0219_E003,100.0,100.0
S09564_L0200_E003,75.0,100.0
S09564_L0240_E003,100.0,100.0
S09569_L0242_E003,100.0,100.0
S09571_L0215_E003,50.0,87.5
S09573_L0217_E003,75.0,100.0
S09577_L0219_E003,87.5,100.0
S09581_L0225_E003,100.0,100.0
S09581_L0231_E003,100.0,100.0
S09586_L0219_E003,100.0,85.71428571428571
S09589_L0206_E003,100.0,100.0
S09593_L0229_E003,100.0,100.0
S09593_L0242_E003,100.0,100.0
S09596_L0200_E003,100.0,100.0
S09596_L0240_E003,100.0,100.0
S09606_L0200_E003,77.7777777778,100.0
S09606_L0240_E003,100.0,100.0
S09615_L0242_E003,90.0,100.0
S09616_L0243_E003,100.0,100.0
S09620_L0236_E003,71.4285714286,100.0
S09621_L0243_E003,100.0,100.0
S09625_L0236_E003,37.5,100.0
S09626_L0239_E003,50.0,100.0
S09627_L0216_E003,100.0,100.0
S09628_L0215_E003,100.0,100.0
S09637_L0236_E003,100.0,71.42857142857143
S09641_L0217_E003,100.0,100.0
S09646_L0227_E003,25.0,100.0
S09649_L0227_E003,50.0,100.0
S09655_L0216_E003,100.0,100.0
S09666_L0224_E003,87.5,100.0
S09676_L0217_E003,100.0,100.0
S09677_L0209_E003,88.8888888889,100.0
S09678_L0222_E003,100.0,100.0
S09681_L0217_E003,85.7142857143,100.0
S09684_L0242_E003,100.0,100.0
S09689_L0222_E003,100.0,100.0
S09704_L0243_E003,100.0,100.0
S09714_L0201_E003,87.5,100.0
S09715_L0216_E003,71.4285714286,71.42857142857143
S09716_L0217_E003,80.0,100.0
S09717_L0212_E003,100.0,100.0
S09717_L0221_E003,100.0,100.0
S09719_L0209_E003,100.0,100.0
S09733_L0200_E003,100.0,100.0
S09752_L0239_E003,100.0,100.0
S09753_L0239_E003,0.0,100.0
S09754_L0209_E003,100.0,100.0
S09759_L0217_E003,100.0,100.0
S09765_L0217_E003,85.7142857143,14.285714285714286
S09767_L0222_E003,100.0,100.0
S09770_L0239_E003,0.0,12.5
S09776_L0236_E003,100.0,100.0
S09777_L0218_E003,100.0,100.0
S09777_L0221_E003,100.0,100.0
S09780_L0212_E003,100.0,100.0
S09780_L0221_E003,100.0,100.0
S09790_L0229_E003,90.0,100.0
S09790_L0242_E003,100.0,100.0
S09793_L0227_E003,14.2857142857,100.0
S09803_L0225_E003,100.0,100.0
S09803_L0231_E003,85.7142857143,100.0
S09811_L0224_E003,87.5,100.0
S09812_L0240_E003,87.5,100.0
S09818_L0209_E003,100.0,100.0
S09819_L0201_E003,85.7142857143,100.0
S09824_L0201_E003,80.0,100.0
S09827_L0217_E003,80.0,100.0
S09828_L0229_E003,100.0,100.0
S09828_L0242_E003,100.0,100.0
S09830_L0225_E003,100.0,100.0
S09830_L0231_E003,100.0,100.0
S09831_L0229_E003,85.7142857143,100.0
S09831_L0242_E003,71.4285714286,85.71428571428571
S09833_L0224_E003,100.0,71.42857142857143
S09837_L0216_E003,100.0,100.0
S09841_L0215_E003,57.1428571429,85.71428571428571
S09844_L0227_E003,100.0,100.0
S09846_L0206_E003,71.4285714286,100.0
S09856_L0217_E003,100.0,77.77777777777777
S09860_L0229_E003,57.1428571429,100.0
S09861_L0209_E003,100.0,100.0
S09865_L0229_E003,100.0,100.0
S09866_L0218_E003,87.5,87.5
S09870_L0224_E003,25.0,87.5
S09877_L0209_E003,100.0,100.0
S09884_L0229_E003,100.0,100.0
S09892_L0229_E003,85.7142857143,100.0
S09899_L0242_E003,100.0,100.0
S09900_L0215_E003,100.0,100.0
S09903_L0201_E003,88.8888888889,100.0
S09904_L0227_E003,60.0,90.0
S09908_L0200_E003,85.7142857143,100.0
S09911_L0209_E003,100.0,100.0
S09913_L0243_E003,100.0,100.0
S09915_L0243_E003,100.0,100.0
S09919_L0236_E003,60.0,100.0
S09920_L0206_E003,100.0,100.0
S09920_L0212_E003,100.0,100.0
S09922_L0224_E003,11.1111111111,55.55555555555556
S09923_L0216_E003,100.0,100.0
S09935_L0212_E003,100.0,100.0
S09935_L0221_E003,100.0,100.0
S09945_L0200_E003,71.4285714286,100.0
S09951_L0219_E003,100.0,100.0
S09952_L0216_E003,100.0,100.0
S09961_L0224_E003,100.0,100.0
S09964_L0240_E003,100.0,100.0
S09969_L0239_E003,100.0,100.0
S09971_L0216_E003,100.0,100.0
S09972_L0215_E003,85.7142857143,100.0
S09977_L0229_E003,100.0,100.0
S09977_L0242_E003,100.0,100.0
S10000_L0209_E003,100.0,100.0
S08508_L0239_E005,0.0,0.0
S08510_L0216_E005,100.0,50.0
S08512_L0201_E005,0.0,0.0
S08515_L0218_E005,0.0,0.0
S08515_L0221_E005,0.0,0.0
S08529_L0200_E005,28.5714285714,71.42857142857143
S08532_L0209_E005,0.0,0.0
S08537_L0243_E005,0.0,14.285714285714286
S08540_L0227_E005,0.0,0.0
S08546_L0201_E005,0.0,12.5
S08558_L0236_E005,30.0,90.0
S08561_L0216_E005,85.7142857143,100.0
S08566_L0215_E005,0.0,0.0
S08574_L0227_E005,0.0,0.0
S08575_L0212_E005,0.0,60.0
S08575_L0221_E005,0.0,30.0
S08576_L0243_E005,12.5,25.0
S08582_L0217_E005,25.0,50.0
S08594_L0240_E005,20.0,40.0
S08600_L0236_E005,57.1428571429,42.857142857142854
S08606_L0218_E005,55.5555555556,0.0
S08613_L0201_E005,28.5714285714,28.571428571428573
S08614_L0215_E005,10.0,20.0
S08616_L0216_E005,0.0,0.0
S08625_L0206_E005,0.0,50.0
S08627_L0224_E005,0.0,0.0
S08628_L0219_E005,14.2857142857,57.142857142857146
S08636_L0219_E005,0.0,75.0
S08636_L0225_E005,75.0,50.0
S08637_L0224_E005,25.0,37.5
S08645_L0212_E005,22.2222222222,44.44444444444444
S08645_L0221_E005,22.2222222222,44.44444444444444
S08651_L0217_E005,70.0,100.0
S08652_L0224_E005,0.0,11.11111111111111
S08653_L0200_E005,0.0,28.571428571428573
S08658_L0216_E005,14.2857142857,14.285714285714286
S08660_L0200_E005,0.0,25.0
S08660_L0240_E005,25.0,25.0
S08682_L0239_E005,11.1111111111,0.0
S08683_L0218_E005,77.7777777778,66.66666666666667
S08685_L0212_E005,0.0,0.0
S08685_L0221_E005,0.0,0.0
S08686_L0216_E005,0.0,0.0
S08689_L0216_E005,71.4285714286,0.0
S08690_L0236_E005,14.2857142857,100.0
S08702_L0242_E005,57.1428571429,100.0
S08703_L0243_E005,0.0,0.0
S08707_L0217_E005,12.5,0.0
S08710_L0219_E005,0.0,0.0
S08710_L0225_E005,0.0,0.0
S08713_L0201_E005,0.0,0.0
S08722_L0201_E005,37.5,50.0
S08723_L0229_E005,62.5,87.5
S08723_L0242_E005,87.5,50.0
S08725_L0209_E005,70.0,80.0
S08732_L0206_E005,87.5,50.0
S08732_L0212_E005,50.0,50.0
S08735_L0201_E005,0.0,0.0
S08739_L0222_E005,0.0,20.0
S08743_L0224_E005,0.0,0.0
S08750_L0224_E005,0.0,71.42857142857143
S08751_L0243_E005,10.0,20.0
S08752_L0231_E005,14.2857142857,57.142857142857146
S08765_L0229_E005,25.0,50.0
S08765_L0242_E005,50.0,0.0
S08766_L0242_E005,62.5,75.0
S08767_L0229_E005,0.0,0.0
S08771_L0218_E005,22.2222222222,11.11111111111111
S08771_L0221_E005,33.3333333333,11.11111111111111
S08778_L0227_E005,14.2857142857,0.0
S08779_L0227_E005,0.0,28.571428571428573
S08780_L0227_E005,0.0,37.5
S08781_L0242_E005,0.0,0.0
S08782_L0219_E005,0.0,14.285714285714286
S08790_L0212_E005,0.0,60.0
S08790_L0221_E005,10.0,40.0
S08791_L0206_E005,71.4285714286,57.142857142857146
S08791_L0212_E005,28.5714285714,14.285714285714286
S08793_L0239_E005,0.0,0.0
S08795_L0212_E005,0.0,0.0
S08795_L0221_E005,0.0,0.0
S08798_L0243_E005,0.0,0.0
S08800_L0219_E005,0.0,33.333333333333336
S08800_L0225_E005,0.0,0.0
S08815_L0218_E005,22.2222222222,33.333333333333336
S08815_L0221_E005,22.2222222222,0.0
S08816_L0217_E005,0.0,0.0
S08817_L0219_E005,0.0,57.142857142857146
S08817_L0225_E005,28.5714285714,0.0
S08818_L0236_E005,85.7142857143,85.71428571428571
S08820_L0227_E005,0.0,0.0
S08836_L0209_E005,100.0,88.88888888888889
S08837_L0219_E005,0.0,80.0
S08837_L0225_E005,10.0,80.0
S08843_L0217_E005,0.0,42.857142857142854
S08853_L0224_E005,0.0,87.5
S08862_L0209_E005,30.0,0.0
S08867_L0201_E005,0.0,0.0
S08869_L0229_E005,0.0,77.77777777777777
S08875_L0216_E005,10.0,0.0
S08883_L0201_E005,57.1428571429,57.142857142857146
S08889_L0206_E005,71.4285714286,42.857142857142854
S08889_L0212_E005,57.1428571429,42.857142857142854
S08891_L0201_E005,12.5,37.5
S08895_L0222_E005,0.0,0.0
S08897_L0215_E005,0.0,30.0
S08899_L0215_E005,42.8571428571,100.0
S08901_L0218_E005,12.5,50.0
S08903_L0224_E005,0.0,0.0
S08905_L0240_E005,10.0,40.0
S08911_L0219_E005,0.0,0.0
S08911_L0225_E005,0.0,0.0
S08916_L0222_E005,0.0,0.0
S08922_L0222_E005,0.0,0.0
S08923_L0222_E005,33.3333333333,44.44444444444444
S08928_L0239_E005,62.5,75.0
S08929_L0219_E005,0.0,0.0
S08929_L0225_E005,10.0,10.0
S08931_L0209_E005,80.0,80.0
S08943_L0242_E005,0.0,0.0
S08949_L0200_E005,22.2222222222,33.333333333333336
S08949_L0240_E005,77.7777777778,44.44444444444444
S08950_L0200_E005,33.3333333333,33.333333333333336
S08950_L0240_E005,22.2222222222,22.22222222222222
S08952_L0217_E005,0.0,12.5
S08956_L0209_E005,100.0,87.5
S08961_L0225_E005,0.0,25.0
S08961_L0231_E005,0.0,87.5
S08973_L0229_E005,0.0,0.0
S08973_L0242_E005,0.0,0.0
S08976_L0229_E005,0.0,0.0
S08977_L0219_E005,0.0,0.0
S08977_L0225_E005,0.0,0.0
S08979_L0227_E005,0.0,30.0
S08980_L0209_E005,0.0,12.5
S08983_L0236_E005,0.0,10.0
S08987_L0229_E005,12.5,0.0
S08993_L0206_E005,0.0,0.0
S08993_L0212_E005,0.0,0.0
S08997_L0218_E005,0.0,0.0
S08997_L0221_E005,12.5,0.0
S08998_L0218_E005,0.0,0.0
S09000_L0201_E005,0.0,0.0
S09011_L0231_E005,50.0,80.0
S09018_L0217_E005,22.2222222222,100.0
S09029_L0225_E005,0.0,0.0
S09029_L0231_E005,0.0,0.0
S09030_L0219_E005,0.0,0.0
S09040_L0200_E005,0.0,0.0
S09047_L0218_E005,25.0,0.0
S09061_L0219_E005,0.0,87.5
S09067_L0229_E005,0.0,0.0
S09067_L0242_E005,10.0,0.0
S09069_L0209_E005,44.4444444444,77.77777777777777
S09071_L0217_E005,12.5,12.5
S09073_L0206_E005,14.2857142857,0.0
S09073_L0212_E005,0.0,28.571428571428573
S09080_L0200_E005,0.0,70.0
S09082_L0215_E005,11.1111111111,0.0
S09086_L0224_E005,0.0,0.0
S09088_L0227_E005,25.0,0.0
S09092_L0206_E005,0.0,33.333333333333336
S09092_L0212_E005,0.0,11.11111111111111
S09094_L0216_E005,50.0,0.0
S09101_L0209_E005,10.0,60.0
S09107_L0216_E005,33.3333333333,0.0
S09111_L0236_E005,0.0,100.0
S09125_L0239_E005,0.0,0.0
S09128_L0212_E005,40.0,40.0
S09128_L0221_E005,60.0,40.0
S09140_L0227_E005,10.0,10.0
S09142_L0219_E005,0.0,0.0
S09155_L0229_E005,0.0,100.0
S09156_L0222_E005,0.0,0.0
S09158_L0215_E005,20.0,30.0
S09164_L0216_E005,25.0,87.5
S09175_L0206_E005,62.5,75.0
S09175_L0212_E005,0.0,87.5
S09178_L0218_E005,85.7142857143,85.71428571428571
S09178_L0221_E005,85.7142857143,85.71428571428571
S09188_L0217_E005,28.5714285714,0.0
S09196_L0217_E005,11.1111111111,22.22222222222222
S09199_L0216_E005,71.4285714286,100.0
S09203_L0229_E005,25.0,62.5
S09205_L0215_E005,0.0,0.0
S09208_L0216_E005,42.8571428571,28.571428571428573
S09209_L0240_E005,11.1111111111,0.0
S09214_L0206_E005,100.0,100.0
S09228_L0224_E005,0.0,100.0
S09231_L0236_E005,0.0,0.0
S09234_L0218_E005,0.0,42.857142857142854
S09234_L0221_E005,0.0,42.857142857142854
S09245_L0227_E005,0.0,0.0
S09246_L0218_E005,0.0,0.0
S09248_L0242_E005,42.8571428571,0.0
S09250_L0227_E005,0.0,0.0
S09255_L0239_E005,0.0,0.0
S09259_L0231_E005,57.1428571429,0.0
S09261_L0229_E005,22.2222222222,88.88888888888889
S09261_L0242_E005,88.8888888889,88.88888888888889
S09262_L0201_E005,0.0,0.0
S09264_L0215_E005,62.5,50.0
S09265_L0219_E005,0.0,77.77777777777777
S09271_L0227_E005,85.7142857143,85.71428571428571
S09274_L0215_E005,0.0,11.11111111111111
S09276_L0206_E005,57.1428571429,85.71428571428571
S09277_L0219_E005,71.4285714286,85.71428571428571
S09277_L0225_E005,85.7142857143,85.71428571428571
S09280_L0219_E005,0.0,50.0
S09280_L0225_E005,37.5,0.0
S09281_L0236_E005,42.8571428571,0.0
S09282_L0231_E005,100.0,100.0
S09288_L0200_E005,0.0,0.0
S09297_L0236_E005,37.5,25.0
S09298_L0229_E005,0.0,0.0
S09306_L0201_E005,0.0,0.0
S09308_L0219_E005,0.0,60.0
S09314_L0200_E005,0.0,28.571428571428573
S09315_L0201_E005,0.0,0.0
S09317_L0206_E005,0.0,0.0
S09317_L0212_E005,0.0,0.0
S09325_L0217_E005,11.1111111111,11.11111111111111
S09329_L0225_E005,28.5714285714,14.285714285714286
S09329_L0231_E005,28.5714285714,0.0
S09332_L0225_E005,62.5,25.0
S09332_L0231_E005,87.5,25.0
S09338_L0236_E005,33.3333333333,88.88888888888889
S09339_L0218_E005,25.0,50.0
S09341_L0216_E005,0.0,0.0
S09342_L0219_E005,0.0,0.0
S09343_L0239_E005,0.0,0.0
S09345_L0217_E005,0.0,0.0
S09346_L0224_E005,0.0,57.142857142857146
S09350_L0243_E005,0.0,33.333333333333336
S09351_L0243_E005,0.0,50.0
S09352_L0243_E005,0.0,100.0
S09362_L0239_E005,14.2857142857,0.0
S09363_L0236_E005,0.0,0.0
S09365_L0219_E005,0.0,10.0
S09366_L0217_E005,0.0,0.0
S09378_L0218_E005,0.0,0.0
S09378_L0221_E005,0.0,0.0
S09380_L0216_E005,0.0,0.0
S09386_L0240_E005,14.2857142857,0.0
S09387_L0240_E005,0.0,0.0
S09396_L0200_E005,44.4444444444,88.88888888888889
S09397_L0229_E005,0.0,14.285714285714286
S09398_L0216_E005,0.0,0.0
S09402_L0242_E005,0.0,0.0
S09406_L0224_E005,0.0,14.285714285714286
S09426_L0240_E005,0.0,0.0
S09429_L0218_E005,11.1111111111,11.11111111111111
S09429_L0221_E005,0.0,11.11111111111111
S09448_L0239_E005,20.0,0.0
S09450_L0200_E005,22.2222222222,0.0
S09450_L0240_E005,22.2222222222,0.0
S09451_L0200_E005,0.0,25.0
S09452_L0242_E005,0.0,0.0
S09455_L0224_E005,0.0,75.0
S09459_L0224_E005,0.0,0.0
S09463_L0201_E005,22.2222222222,0.0
S09470_L0216_E005,0.0,0.0
S09474_L0243_E005,0.0,75.0
S09476_L0215_E005,100.0,100.0
S09480_L0225_E005,0.0,0.0
S09480_L0231_E005,0.0,0.0
S09483_L0243_E005,0.0,0.0
S09485_L0206_E005,37.5,50.0
S09485_L0212_E005,0.0,25.0
S09500_L0215_E005,28.5714285714,0.0
S09502_L0209_E005,0.0,0.0
S09509_L0200_E005,75.0,87.5
S09509_L0240_E005,87.5,87.5
S09520_L0218_E005,0.0,0.0
S09520_L0221_E005,0.0,0.0
S09525_L0218_E005,66.6666666667,55.55555555555556
S09529_L0215_E005,0.0,0.0
S09533_L0217_E005,0.0,42.857142857142854
S09540_L0224_E005,0.0,0.0
S09542_L0201_E005,0.0,0.0
S09543_L0236_E005,0.0,0.0
S09546_L0239_E005,0.0,0.0
S09553_L0212_E005,10.0,20.0
S09553_L0221_E005,10.0,40.0
S09554_L0216_E005,100.0,77.77777777777777
S09569_L0236_E005,12.5,37.5
S09571_L0227_E005,0.0,75.0
S09573_L0243_E005,0.0,0.0
S09574_L0240_E005,12.5,0.0
S09577_L0216_E005,87.5,87.5
S09579_L0243_E005,0.0,14.285714285714286
S09580_L0240_E005,0.0,0.0
S09586_L0216_E005,85.7142857143,14.285714285714286
S09587_L0243_E005,10.0,40.0
S09589_L0215_E005,14.2857142857,0.0
S09613_L0240_E005,20.0,70.0
S09615_L0236_E005,0.0,40.0
S09616_L0239_E005,25.0,50.0
S09620_L0209_E005,42.8571428571,0.0
S09621_L0239_E005,33.3333333333,77.77777777777777
S09625_L0209_E005,50.0,0.0
S09626_L0219_E005,0.0,0.0
S09627_L0224_E005,0.0,37.5
S09628_L0227_E005,0.0,66.66666666666667
S09634_L0212_E005,0.0,0.0
S09634_L0221_E005,0.0,0.0
S09637_L0209_E005,0.0,0.0
S09641_L0236_E005,85.7142857143,85.71428571428571
S09646_L0242_E005,0.0,25.0
S09649_L0242_E005,70.0,40.0
S09662_L0218_E005,50.0,50.0
S09662_L0221_E005,87.5,50.0
S09666_L0200_E005,25.0,50.0
S09669_L0240_E005,33.3333333333,22.22222222222222
S09670_L0229_E005,71.4285714286,85.71428571428571
S09670_L0242_E005,71.4285714286,85.71428571428571
S09673_L0206_E005,12.5,37.5
S09673_L0212_E005,0.0,0.0
S09676_L0243_E005,71.4285714286,85.71428571428571
S09677_L0222_E005,0.0,11.11111111111111
S09678_L0231_E005,10.0,10.0
S09681_L0236_E005,0.0,28.571428571428573
S09684_L0236_E005,0.0,30.0
S09689_L0231_E005,90.0,90.0
S09704_L0239_E005,50.0,100.0
S09707_L0229_E005,0.0,0.0
S09707_L0242_E005,0.0,0.0
S09714_L0227_E005,12.5,0.0
S09716_L0236_E005,20.0,90.0
S09717_L0201_E005,0.0,25.0
S09719_L0222_E005,0.0,0.0
S09733_L0218_E005,0.0,44.44444444444444
S09740_L0229_E005,10.0,30.0
S09740_L0242_E005,0.0,40.0
S09752_L0219_E005,0.0,42.857142857142854
S09752_L0225_E005,14.2857142857,28.571428571428573
S09753_L0219_E005,0.0,0.0
S09754_L0222_E005,0.0,0.0
S09759_L0243_E005,0.0,12.5
S09765_L0236_E005,0.0,0.0
S09767_L0225_E005,100.0,88.88888888888889
S09767_L0231_E005,88.8888888889,100.0
S09770_L0219_E005,0.0,0.0
S09770_L0225_E005,0.0,0.0
S09776_L0209_E005,77.7777777778,100.0
S09777_L0201_E005,14.2857142857,0.0
S09780_L0201_E005,0.0,0.0
S09793_L0217_E005,0.0,0.0
S09811_L0200_E005,0.0,12.5
S09818_L0222_E005,0.0,0.0
S09824_L0227_E005,10.0,80.0
S09827_L0243_E005,20.0,70.0
S09833_L0200_E005,0.0,0.0
S09841_L0229_E005,0.0,0.0
S09844_L0217_E005,0.0,22.22222222222222
S09846_L0215_E005,0.0,0.0
S09856_L0236_E005,11.1111111111,33.333333333333336
S09857_L0240_E005,90.0,80.0
S09860_L0217_E005,14.2857142857,0.0
S09861_L0222_E005,57.1428571429,71.42857142857143
S09862_L0229_E005,14.2857142857,57.142857142857146
S09862_L0242_E005,42.8571428571,57.142857142857146
S09865_L0217_E005,0.0,0.0
S09866_L0206_E005,37.5,75.0
S09870_L0200_E005,0.0,0.0
S09877_L0222_E005,0.0,0.0
S09884_L0217_E005,0.0,0.0
S09892_L0217_E005,0.0,0.0
S09893_L0212_E005,0.0,11.11111111111111
S09893_L0221_E005,0.0,11.11111111111111
S09894_L0206_E005,0.0,12.5
S09894_L0212_E005,12.5,0.0
S09899_L0236_E005,42.8571428571,14.285714285714286
S09900_L0229_E005,0.0,0.0
S09903_L0227_E005,0.0,0.0
S09904_L0217_E005,30.0,0.0
S09907_L0229_E005,0.0,0.0
S09907_L0242_E005,0.0,0.0
S09908_L0218_E005,28.5714285714,28.571428571428573
S09911_L0222_E005,30.0,50.0
S09913_L0239_E005,14.2857142857,14.285714285714286
S09915_L0239_E005,0.0,12.5
S09919_L0209_E005,70.0,80.0
S09920_L0215_E005,28.5714285714,28.571428571428573
S09922_L0200_E005,0.0,0.0
S09922_L0240_E005,11.1111111111,0.0
S09923_L0224_E005,57.1428571429,85.71428571428571
S09934_L0243_E005,0.0,0.0
S09935_L0201_E005,0.0,22.22222222222222
S09945_L0218_E005,0.0,57.142857142857146
S09951_L0216_E005,0.0,37.5
S09961_L0200_E005,0.0,28.571428571428573
S09961_L0240_E005,28.5714285714,28.571428571428573
S09969_L0219_E005,0.0,50.0
S09969_L0225_E005,100.0,10.0
S09971_L0224_E005,0.0,0.0
S09972_L0229_E005,0.0,42.857142857142854
S10000_L0222_E005,0.0,0.0
S08508_L0219_E007,100.0,100.0
S08508_L0225_E007,71.4285714286,100.0
S08512_L0227_E007,25.0,100.0
S08515_L0201_E007,100.0,85.71428571428571
S08529_L0218_E007,71.4285714286,100.0
S08532_L0222_E007,100.0,100.0
S08537_L0239_E007,14.2857142857,85.71428571428571
S08540_L0217_E007,77.7777777778,77.77777777777777
S08546_L0227_E007,62.5,100.0
S08554_L0229_E007,87.5,100.0
S08554_L0242_E007,100.0,100.0
S08555_L0218_E007,100.0,100.0
S08555_L0221_E007,100.0,100.0
S08558_L0209_E007,100.0,100.0
S08561_L0224_E007,57.1428571429,100.0
S08566_L0229_E007,14.2857142857,42.857142857142854
S08574_L0217_E007,77.7777777778,100.0
S08575_L0201_E007,100.0,100.0
S08576_L0239_E007,100.0,100.0
S08578_L0206_E007,100.0,100.0
S08578_L0212_E007,100.0,100.0
S08582_L0243_E007,100.0,100.0
S08590_L0212_E007,25.0,75.0
S08590_L0221_E007,100.0,75.0
S08600_L0209_E007,100.0,100.0
S08606_L0206_E007,88.8888888889,100.0
S08614_L0229_E007,90.0,100.0
S08625_L0215_E007,100.0,100.0
S08627_L0200_E007,100.0,88.88888888888889
S08628_L0216_E007,100.0,100.0
S08636_L0216_E007,100.0,100.0
S08637_L0200_E007,100.0,100.0
S08637_L0240_E007,100.0,100.0
S08651_L0236_E007,100.0,100.0
S08652_L0200_E007,77.7777777778,100.0
S08682_L0219_E007,100.0,100.0
S08683_L0206_E007,88.8888888889,100.0
S08686_L0224_E007,57.1428571429,57.142857142857146
S08689_L0224_E007,100.0,100.0
S08690_L0209_E007,100.0,100.0
S08702_L0236_E007,100.0,100.0
S08703_L0239_E007,50.0,100.0
S08707_L0243_E007,100.0,100.0
S08710_L0216_E007,28.5714285714,100.0
S08713_L0227_E007,0.0,85.71428571428571
S08722_L0227_E007,62.5,100.0
S08725_L0222_E007,90.0,100.0
S08727_L0206_E007,88.8888888889,77.77777777777777
S08727_L0212_E007,100.0,77.77777777777777
S08735_L0227_E007,0.0,100.0
S08739_L0225_E007,100.0,100.0
S08739_L0231_E007,90.0,100.0
S08742_L0239_E007,28.5714285714,100.0
S08743_L0200_E007,14.2857142857,14.285714285714286
S08743_L0240_E007,57.1428571429,14.285714285714286
S08745_L0229_E007,100.0,85.71428571428571
S08745_L0242_E007,100.0,85.71428571428571
S08750_L0200_E007,0.0,100.0
S08750_L0240_E007,100.0,100.0
S08751_L0239_E007,70.0,100.0
S08752_L0224_E007,85.7142857143,100.0
S08759_L0218_E007,88.8888888889,100.0
S08759_L0221_E007,77.7777777778,100.0
S08766_L0236_E007,100.0,100.0
S08767_L0217_E007,62.5,87.5
S08771_L0201_E007,100.0,100.0
S08778_L0242_E007,71.4285714286,85.71428571428571
S08780_L0217_E007,100.0,100.0
S08781_L0236_E007,100.0,87.5
S08782_L0216_E007,100.0,100.0
S08785_L0206_E007,100.0,88.88888888888889
S08785_L0212_E007,100.0,100.0
S08790_L0201_E007,80.0,100.0
S08791_L0215_E007,71.4285714286,100.0
S08793_L0219_E007,100.0,100.0
S08794_L0218_E007,100.0,100.0
S08794_L0221_E007,100.0,100.0
S08795_L0201_E007,100.0,100.0
S08798_L0239_E007,57.1428571429,100.0
S08800_L0216_E007,100.0,77.77777777777777
S08807_L0212_E007,80.0,100.0
S08807_L0221_E007,100.0,100.0
S08809_L0206_E007,88.8888888889,100.0
S08809_L0212_E007,66.6666666667,100.0
S08815_L0201_E007,100.0,100.0
S08816_L0236_E007,55.5555555556,88.88888888888889
S08817_L0216_E007,100.0,100.0
S08818_L0209_E007,100.0,100.0
S08820_L0242_E007,80.0,100.0
S08836_L0222_E007,100.0,100.0
S08837_L0216_E007,100.0,90.0
S08843_L0243_E007,100.0,100.0
S08853_L0200_E007,100.0,100.0
S08854_L0212_E007,70.0,90.0
S08854_L0221_E007,100.0,90.0
S08862_L0222_E007,100.0,90.0
S08869_L0217_E007,100.0,100.0
S08887_L0229_E007,55.5555555556,88.88888888888889
S08887_L0242_E007,0.0,88.88888888888889
S08889_L0215_E007,85.7142857143,100.0
S08890_L0218_E007,85.7142857143,28.571428571428573
S08890_L0221_E007,85.7142857143,14.285714285714286
S08895_L0225_E007,77.7777777778,88.88888888888889
S08895_L0231_E007,100.0,88.88888888888889
S08897_L0227_E007,60.0,100.0
S08899_L0227_E007,0.0,0.0
S08901_L0206_E007,100.0,100.0
S08903_L0200_E007,100.0,100.0
S08903_L0240_E007,100.0,100.0
S08911_L0216_E007,37.5,100.0
S08916_L0231_E007,88.8888888889,100.0
S08922_L0231_E007,100.0,85.71428571428571
S08923_L0231_E007,100.0,100.0
S08928_L0219_E007,100.0,100.0
S08928_L0225_E007,100.0,100.0
S08929_L0216_E007,70.0,100.0
S08931_L0222_E007,90.0,100.0
S08935_L0218_E007,85.7142857143,100.0
S08935_L0221_E007,100.0,100.0
S08939_L0240_E007,85.7142857143,85.71428571428571
S08943_L0236_E007,75.0,62.5
S08952_L0236_E007,87.5,100.0
S08956_L0222_E007,100.0,100.0
S08959_L0229_E007,57.1428571429,85.71428571428571
S08959_L0242_E007,14.2857142857,85.71428571428571
S08969_L0243_E007,100.0,85.71428571428571
S08971_L0212_E007,71.4285714286,100.0
S08971_L0221_E007,100.0,100.0
S08976_L0217_E007,85.7142857143,85.71428571428571
S08977_L0216_E007,100.0,100.0
S08979_L0217_E007,100.0,100.0
S08980_L0222_E007,0.0,62.5
S08983_L0209_E007,30.0,60.0
S08987_L0217_E007,100.0,100.0
S08993_L0215_E007,14.2857142857,100.0
S08997_L0201_E007,100.0,75.0
S08998_L0206_E007,100.0,57.142857142857146
S09000_L0227_E007,0.0,100.0
S09011_L0224_E007,90.0,100.0
S09018_L0243_E007,100.0,77.77777777777777
S09030_L0216_E007,100.0,100.0
S09034_L0218_E007,87.5,100.0
S09034_L0221_E007,100.0,100.0
S09047_L0206_E007,100.0,100.0
S09049_L0240_E007,85.7142857143,100.0
S09061_L0216_E007,87.5,100.0
S09065_L0240_E007,90.0,100.0
S09069_L0222_E007,100.0,88.88888888888889
S09071_L0236_E007,75.0,100.0
S09073_L0215_E007,100.0,100.0
S09078_L0212_E007,66.6666666667,100.0
S09078_L0221_E007,100.0,66.66666666666667
S09080_L0218_E007,100.0,100.0
S09082_L0227_E007,77.7777777778,100.0
S09086_L0200_E007,40.0,70.0
S09086_L0240_E007,50.0,60.0
S09088_L0217_E007,100.0,100.0
S09092_L0215_E007,100.0,100.0
S09094_L0224_E007,100.0,100.0
S09101_L0222_E007,100.0,90.0
S09111_L0209_E007,100.0,100.0
S09125_L0219_E007,75.0,87.5
S09125_L0225_E007,75.0,87.5
S09128_L0201_E007,100.0,100.0
S09136_L0206_E007,100.0,100.0
S09136_L0212_E007,100.0,100.0
S09140_L0217_E007,20.0,100.0
S09142_L0216_E007,85.7142857143,100.0
S09144_L0206_E007,100.0,100.0
S09144_L0212_E007,100.0,100.0
S09152_L0212_E007,100.0,85.71428571428571
S09152_L0221_E007,100.0,85.71428571428571
S09154_L0206_E007,80.0,90.0
S09154_L0212_E007,80.0,90.0
S09155_L0217_E007,85.7142857143,100.0
S09156_L0225_E007,100.0,100.0
S09156_L0231_E007,100.0,100.0
S09158_L0229_E007,80.0,100.0
S09161_L0218_E007,100.0,100.0
S09161_L0221_E007,100.0,100.0
S09164_L0224_E007,87.5,87.5
S09175_L0215_E007,100.0,100.0
S09178_L0201_E007,100.0,100.0
S09188_L0243_E007,100.0,100.0
S09193_L0218_E007,100.0,100.0
S09193_L0221_E007,100.0,100.0
S09196_L0236_E007,33.3333333333,100.0
S09203_L0217_E007,87.5,100.0
S09205_L0227_E007,0.0,85.71428571428571
S09214_L0215_E007,100.0,100.0
S09227_L0243_E007,100.0,100.0
S09228_L0200_E007,100.0,100.0
S09231_L0209_E007,100.0,100.0
S09234_L0201_E007,42.8571428571,71.42857142857143
S09245_L0217_E007,37.5,87.5
S09246_L0206_E007,100.0,80.0
S09248_L0236_E007,100.0,100.0
S09250_L0242_E007,100.0,100.0
S09255_L0219_E007,75.0,100.0
S09259_L0224_E007,100.0,100.0
S09262_L0227_E007,100.0,100.0
S09264_L0227_E007,75.0,100.0
S09265_L0216_E007,88.8888888889,100.0
S09270_L0229_E007,100.0,100.0
S09270_L0242_E007,70.0,100.0
S09271_L0217_E007,71.4285714286,100.0
S09274_L0227_E007,0.0,100.0
S09276_L0215_E007,85.7142857143,100.0
S09277_L0216_E007,100.0,100.0
S09280_L0216_E007,100.0,100.0
S09281_L0209_E007,100.0,100.0
S09282_L0224_E007,100.0,100.0
S09288_L0218_E007,28.5714285714,100.0
S09297_L0209_E007,100.0,100.0
S09298_L0217_E007,100.0,100.0
S09306_L0227_E007,50.0,100.0
S09308_L0216_E007,60.0,100.0
S09317_L0215_E007,100.0,100.0
S09321_L0218_E007,100.0,100.0
S09321_L0221_E007,100.0,100.0
S09325_L0243_E007,100.0,100.0
S09328_L0218_E007,100.0,100.0
S09328_L0221_E007,100.0,100.0
S09338_L0209_E007,100.0,100.0
S09339_L0206_E007,87.5,75.0
S09342_L0216_E007,70.0,100.0
S09343_L0219_E007,85.7142857143,85.71428571428571
S09343_L0225_E007,28.5714285714,85.71428571428571
S09345_L0236_E007,87.5,100.0
S09346_L0200_E007,100.0,100.0
S09350_L0239_E007,77.7777777778,77.77777777777777
S09351_L0239_E007,100.0,100.0
S09352_L0239_E007,100.0,100.0
S09362_L0219_E007,85.7142857143,100.0
S09362_L0225_E007,57.1428571429,100.0
S09363_L0209_E007,100.0,100.0
S09365_L0216_E007,40.0,90.0
S09366_L0243_E007,100.0,100.0
S09377_L0218_E007,0.0,87.5
S09377_L0221_E007,100.0,100.0
S09378_L0201_E007,90.0,100.0
S09382_L0229_E007,71.4285714286,42.857142857142854
S09382_L0242_E007,100.0,28.571428571428573
S09396_L0218_E007,100.0,100.0
S09397_L0217_E007,100.0,85.71428571428571
S09402_L0236_E007,30.0,90.0
S09406_L0200_E007,0.0,100.0
S09406_L0240_E007,85.7142857143,57.142857142857146
S09429_L0201_E007,33.3333333333,44.44444444444444
S09436_L0243_E007,100.0,100.0
S09438_L0229_E007,100.0,100.0
S09438_L0242_E007,44.4444444444,100.0
S09446_L0240_E007,100.0,85.71428571428571
S09448_L0219_E007,100.0,100.0
S09448_L0225_E007,90.0,100.0
S09451_L0218_E007,100.0,100.0
S09452_L0236_E007,85.7142857143,71.42857142857143
S09455_L0200_E007,100.0,100.0
S09455_L0240_E007,87.5,100.0
S09459_L0200_E007,88.8888888889,88.88888888888889
S09460_L0243_E007,100.0,100.0
S09463_L0227_E007,44.4444444444,100.0
S09474_L0239_E007,100.0,100.0
S09476_L0227_E007,11.1111111111,100.0
S09483_L0239_E007,70.0,100.0
S09485_L0215_E007,25.0,100.0
S09488_L0229_E007,50.0,100.0
S09488_L0242_E007,37.5,100.0
S09500_L0229_E007,100.0,100.0
S09502_L0222_E007,100.0,100.0
S09510_L0240_E007,100.0,100.0
S09515_L0218_E007,88.8888888889,100.0
S09515_L0221_E007,100.0,100.0
S09520_L0201_E007,100.0,87.5
S09525_L0206_E007,88.8888888889,100.0
S09529_L0229_E007,100.0,100.0
S09532_L0240_E007,88.8888888889,100.0
S09533_L0236_E007,85.7142857143,100.0
S09540_L0200_E007,100.0,100.0
S09543_L0209_E007,100.0,85.71428571428571
S09546_L0219_E007,90.0,80.0
S09553_L0201_E007,100.0,100.0
S09554_L0224_E007,100.0,100.0
S09564_L0206_E007,0.0,100.0
S09564_L0212_E007,0.0,100.0
S09569_L0209_E007,100.0,100.0
S09571_L0217_E007,87.5,100.0
S09573_L0239_E007,37.5,100.0
S09577_L0224_E007,87.5,100.0
S09579_L0239_E007,100.0,100.0
S09581_L0240_E007,100.0,100.0
S09586_L0224_E007,28.5714285714,14.285714285714286
S09587_L0239_E007,100.0,100.0
S09589_L0229_E007,0.0,0.0
S09593_L0243_E007,100.0,100.0
S09596_L0206_E007,57.1428571429,100.0
S09596_L0212_E007,0.0,100.0
S09606_L0206_E007,100.0,100.0
S09606_L0212_E007,88.8888888889,100.0
S09615_L0209_E007,100.0,100.0
S09616_L0219_E007,50.0,87.5
S09620_L0222_E007,85.7142857143,100.0
S09621_L0219_E007,100.0,100.0
S09621_L0225_E007,100.0,100.0
S09625_L0222_E007,100.0,100.0
S09626_L0216_E007,87.5,100.0
S09627_L0200_E007,100.0,100.0
S09628_L0217_E007,88.8888888889,100.0
S09634_L0201_E007,87.5,100.0
S09637_L0222_E007,0.0,100.0
S09641_L0209_E007,100.0,100.0
S09646_L0236_E007,87.5,100.0
S09649_L0236_E007,0.0,100.0
S09662_L0201_E007,100.0,100.0
S09666_L0218_E007,87.5,100.0
S09673_L0215_E007,50.0,100.0
S09676_L0239_E007,100.0,85.71428571428571
S09677_L0225_E007,100.0,100.0
S09677_L0231_E007,100.0,100.0
S09678_L0224_E007,40.0,100.0
S09681_L0209_E007,100.0,100.0
S09684_L0209_E007,100.0,100.0
S09689_L0224_E007,100.0,100.0
S09704_L0219_E007,100.0,100.0
S09714_L0242_E007,100.0,100.0
S09716_L0209_E007,100.0,100.0
S09717_L0227_E007,25.0,100.0
S09719_L0231_E007,100.0,100.0
S09733_L0206_E007,88.8888888889,100.0
S09752_L0216_E007,85.7142857143,100.0
S09753_L0216_E007,60.0,90.0
S09754_L0231_E007,85.7142857143,100.0
S09759_L0239_E007,25.0,87.5
S09765_L0209_E007,14.2857142857,100.0
S09770_L0216_E007,12.5,75.0
S09776_L0222_E007,100.0,100.0
S09780_L0227_E007,14.2857142857,100.0
S09790_L0243_E007,100.0,100.0
S09793_L0236_E007,0.0,14.285714285714286
S09803_L0240_E007,100.0,100.0
S09811_L0218_E007,62.5,100.0
S09812_L0212_E007,75.0,100.0
S09812_L0221_E007,100.0,100.0
S09818_L0231_E007,37.5,75.0
S09819_L0229_E007,85.7142857143,85.71428571428571
S09819_L0242_E007,100.0,85.71428571428571
S09824_L0242_E007,90.0,100.0
S09827_L0239_E007,60.0,100.0
S09828_L0243_E007,100.0,100.0
S09830_L0240_E007,100.0,100.0
S09831_L0243_E007,100.0,100.0
S09841_L0217_E007,0.0,42.857142857142854
S09844_L0236_E007,100.0,66.66666666666667
S09846_L0229_E007,100.0,100.0
S09856_L0209_E007,100.0,100.0
S09860_L0243_E007,100.0,85.71428571428571
S09861_L0225_E007,71.4285714286,85.71428571428571
S09861_L0231_E007,100.0,85.71428571428571
S09865_L0243_E007,87.5,37.5
S09866_L0215_E007,87.5,87.5
S09870_L0218_E007,25.0,87.5
S09877_L0225_E007,100.0,100.0
S09877_L0231_E007,100.0,100.0
S09884_L0243_E007,100.0,100.0
S09892_L0243_E007,100.0,100.0
S09893_L0201_E007,100.0,100.0
S09899_L0209_E007,42.8571428571,85.71428571428571
S09900_L0217_E007,100.0,100.0
S09903_L0242_E007,55.5555555556,100.0
S09904_L0236_E007,80.0,90.0
S09908_L0206_E007,85.7142857143,100.0
S09911_L0225_E007,100.0,100.0
S09911_L0231_E007,80.0,100.0
S09913_L0219_E007,100.0,100.0
S09915_L0219_E007,100.0,87.5
S09915_L0225_E007,25.0,100.0
S09919_L0222_E007,90.0,100.0
S09920_L0227_E007,71.4285714286,100.0
S09923_L0200_E007,100.0,100.0
S09928_L0218_E007,100.0,100.0
S09928_L0221_E007,100.0,100.0
S09934_L0239_E007,44.4444444444,100.0
S09935_L0227_E007,0.0,100.0
S09945_L0206_E007,100.0,100.0
S09951_L0224_E007,100.0,100.0
S09964_L0212_E007,100.0,100.0
S09964_L0221_E007,100.0,100.0
S09969_L0216_E007,60.0,100.0
S09971_L0200_E007,100.0,100.0
S09972_L0217_E007,42.8571428571,100.0
S09977_L0243_E007,100.0,100.0
S10000_L0231_E007,85.7142857143,100.0
S08508_L0216_E009,100.0,100.0
S08512_L0242_E009,100.0,100.0
S08529_L0206_E009,85.7142857143,100.0
S08532_L0225_E009,100.0,85.71428571428571
S08532_L0231_E009,71.4285714286,85.71428571428571
S08537_L0219_E009,85.7142857143,85.71428571428571
S08537_L0225_E009,71.4285714286,85.71428571428571
S08540_L0236_E009,66.6666666667,100.0
S08546_L0242_E009,100.0,100.0
S08555_L0201_E009,100.0,100.0
S08558_L0222_E009,100.0,100.0
S08561_L0200_E009,100.0,100.0
S08566_L0217_E009,0.0,71.42857142857143
S08574_L0236_E009,100.0,88.88888888888889
S08575_L0227_E009,80.0,100.0
S08576_L0219_E009,100.0,100.0
S08578_L0215_E009,100.0,100.0
S08579_L0218_E009,85.7142857143,71.42857142857143
S08579_L0221_E009,100.0,85.71428571428571
S08582_L0239_E009,100.0,100.0
S08590_L0201_E009,100.0,25.0
S08594_L0212_E009,100.0,100.0
S08594_L0221_E009,100.0,100.0
S08600_L0222_E009,85.7142857143,100.0
S08606_L0215_E009,77.7777777778,100.0
S08613_L0229_E009,71.4285714286,100.0
S08613_L0242_E009,71.4285714286,100.0
S08614_L0217_E009,90.0,100.0
S08625_L0229_E009,100.0,100.0
S08627_L0218_E009,88.8888888889,88.88888888888889
S08628_L0224_E009,100.0,100.0
S08644_L0218_E009,100.0,100.0
S08644_L0221_E009,100.0,100.0
S08645_L0227_E009,100.0,88.88888888888889
S08651_L0209_E009,100.0,100.0
S08652_L0218_E009,100.0,100.0
S08653_L0206_E009,71.4285714286,85.71428571428571
S08653_L0212_E009,85.7142857143,85.71428571428571
S08660_L0206_E009,87.5,100.0
S08660_L0212_E009,100.0,100.0
S08682_L0216_E009,100.0,100.0
S08685_L0227_E009,57.1428571429,57.142857142857146
S08686_L0200_E009,57.1428571429,57.142857142857146
S08689_L0200_E009,100.0,100.0
S08690_L0222_E009,100.0,100.0
S08702_L0209_E009,100.0,100.0
S08703_L0219_E009,100.0,100.0
S08707_L0239_E009,75.0,100.0
S08713_L0242_E009,100.0,100.0
S08722_L0242_E009,100.0,100.0
S08723_L0243_E009,100.0,100.0
S08725_L0231_E009,90.0,100.0
S08727_L0215_E009,100.0,100.0
S08732_L0227_E009,87.5,100.0
S08735_L0242_E009,87.5,100.0
S08742_L0219_E009,100.0,100.0
S08751_L0219_E009,60.0,90.0
S08752_L0200_E009,85.7142857143,100.0
S08752_L0240_E009,100.0,100.0
S08753_L0218_E009,100.0,100.0
S08753_L0221_E009,100.0,100.0
S08759_L0201_E009,77.7777777778,66.66666666666667
S08765_L0243_E009,100.0,100.0
S08766_L0209_E009,100.0,100.0
S08767_L0243_E009,100.0,100.0
S08778_L0236_E009,57.1428571429,100.0
S08779_L0236_E009,57.1428571429,100.0
S08780_L0236_E009,100.0,100.0
S08781_L0209_E009,100.0,100.0
S08782_L0224_E009,100.0,100.0
S08785_L0215_E009,88.8888888889,88.88888888888889
S08790_L0227_E009,80.0,100.0
S08791_L0227_E009,100.0,100.0
S08793_L0216_E009,100.0,100.0
S08794_L0201_E009,100.0,100.0
S08795_L0227_E009,90.0,100.0
S08798_L0219_E009,85.7142857143,42.857142857142854
S08807_L0201_E009,100.0,100.0
S08809_L0215_E009,44.4444444444,66.66666666666667
S08816_L0209_E009,77.7777777778,66.66666666666667
S08818_L0222_E009,100.0,100.0
S08820_L0236_E009,60.0,100.0
S08836_L0225_E009,100.0,100.0
S08836_L0231_E009,100.0,100.0
S08843_L0239_E009,85.7142857143,100.0
S08844_L0218_E009,100.0,100.0
S08844_L0221_E009,100.0,100.0
S08853_L0218_E009,100.0,100.0
S08854_L0201_E009,90.0,90.0
S08862_L0231_E009,80.0,90.0
S08867_L0229_E009,100.0,100.0
S08867_L0242_E009,100.0,100.0
S08869_L0243_E009,100.0,100.0
S08883_L0229_E009,100.0,100.0
S08883_L0242_E009,100.0,100.0
S08889_L0227_E009,100.0,100.0
S08890_L0201_E009,100.0,57.142857142857146
S08891_L0229_E009,100.0,100.0
S08891_L0242_E009,100.0,100.0
S08897_L0217_E009,60.0,100.0
S08899_L0217_E009,100.0,100.0
S08901_L0215_E009,50.0,100.0
S08905_L0212_E009,100.0,100.0
S08905_L0221_E009,100.0,100.0
S08916_L0224_E009,66.6666666667,100.0
S08922_L0224_E009,100.0,100.0
S08923_L0224_E009,100.0,100.0
S08928_L0216_E009,100.0,100.0
S08931_L0231_E009,90.0,100.0
S08935_L0201_E009,100.0,100.0
S08943_L0209_E009,100.0,100.0
S08949_L0206_E009,77.7777777778,100.0
S08949_L0212_E009,100.0,100.0
S08950_L0206_E009,100.0,100.0
S08950_L0212_E009,100.0,100.0
S08952_L0209_E009,100.0,100.0
S08956_L0225_E009,100.0,100.0
S08956_L0231_E009,100.0,100.0
S08961_L0240_E009,100.0,100.0
S08965_L0218_E009,100.0,100.0
S08965_L0221_E009,100.0,100.0
S08969_L0239_E009,100.0,100.0
S08971_L0201_E009,100.0,71.42857142857143
S08973_L0243_E009,44.4444444444,66.66666666666667
S08976_L0243_E009,100.0,100.0
S08979_L0236_E009,100.0,100.0
S08980_L0225_E009,62.5,62.5
S08980_L0231_E009,37.5,62.5
S08983_L0222_E009,0.0,90.0
S08987_L0243_E009,100.0,100.0
S08993_L0227_E009,42.8571428571,100.0
S08998_L0215_E009,42.8571428571,71.42857142857143
S09000_L0242_E009,75.0,100.0
S09011_L0200_E009,100.0,100.0
S09011_L0240_E009,100.0,100.0
S09018_L0239_E009,100.0,100.0
S09029_L0240_E009,100.0,87.5
S09030_L0224_E009,100.0,90.0
S09034_L0201_E009,87.5,100.0
S09040_L0206_E009,100.0,100.0
S09040_L0212_E009,100.0,100.0
S09047_L0215_E009,100.0,100.0
S09061_L0224_E009,100.0,100.0
S09067_L0243_E009,80.0,90.0
S09069_L0231_E009,100.0,88.88888888888889
S09071_L0209_E009,87.5,100.0
S09073_L0227_E009,85.7142857143,100.0
S09078_L0201_E009,100.0,55.55555555555556
S09080_L0206_E009,70.0,100.0
S09082_L0217_E009,100.0,100.0
S09088_L0236_E009,100.0,100.0
S09092_L0227_E009,100.0,100.0
S09094_L0200_E009,100.0,100.0
S09101_L0231_E009,100.0,100.0
S09111_L0222_E009,100.0,100.0
S09125_L0216_E009,100.0,100.0
S09128_L0227_E009,100.0,100.0
S09136_L0215_E009,100.0,100.0
S09140_L0236_E009,90.0,100.0
S09142_L0224_E009,100.0,100.0
S09144_L0215_E009,100.0,100.0
S09152_L0201_E009,100.0,71.42857142857143
S09154_L0215_E009,100.0,90.0
S09155_L0243_E009,100.0,100.0
S09158_L0217_E009,60.0,90.0
S09161_L0201_E009,100.0,100.0
S09164_L0200_E009,87.5,100.0
S09175_L0227_E009,100.0,100.0
S09181_L0218_E009,100.0,70.0
S09181_L0221_E009,100.0,80.0
S09188_L0239_E009,100.0,100.0
S09193_L0201_E009,100.0,85.71428571428571
S09196_L0209_E009,100.0,100.0
S09203_L0243_E009,87.5,87.5
S09205_L0217_E009,28.5714285714,57.142857142857146
S09209_L0212_E009,100.0,88.88888888888889
S09209_L0221_E009,100.0,88.88888888888889
S09214_L0229_E009,100.0,100.0
S09227_L0239_E009,100.0,100.0
S09228_L0218_E009,100.0,100.0
S09231_L0222_E009,30.0,40.0
S09245_L0236_E009,100.0,100.0
S09248_L0209_E009,100.0,100.0
S09250_L0236_E009,100.0,100.0
S09255_L0216_E009,100.0,100.0
S09259_L0200_E009,100.0,100.0
S09259_L0240_E009,100.0,100.0
S09261_L0243_E009,100.0,100.0
S09262_L0242_E009,100.0,100.0
S09264_L0217_E009,100.0,100.0
S09265_L0224_E009,66.6666666667,100.0
S09271_L0236_E009,100.0,100.0
S09274_L0217_E009,66.6666666667,100.0
S09276_L0229_E009,100.0,100.0
S09281_L0222_E009,85.7142857143,100.0
S09282_L0200_E009,100.0,100.0
S09282_L0240_E009,100.0,100.0
S09288_L0206_E009,85.7142857143,100.0
S09297_L0222_E009,100.0,100.0
S09298_L0243_E009,100.0,100.0
S09306_L0242_E009,87.5,100.0
S09308_L0224_E009,70.0,100.0
S09314_L0206_E009,57.1428571429,100.0
S09315_L0229_E009,71.4285714286,71.42857142857143
S09315_L0242_E009,57.1428571429,71.42857142857143
S09317_L0227_E009,14.2857142857,100.0
S09321_L0201_E009,100.0,100.0
S09325_L0239_E009,77.7777777778,77.77777777777777
S09328_L0201_E009,100.0,100.0
S09329_L0240_E009,57.1428571429,100.0
S09338_L0222_E009,100.0,100.0
S09339_L0215_E009,100.0,100.0
S09342_L0224_E009,30.0,60.0
S09343_L0216_E009,100.0,85.71428571428571
S09345_L0209_E009,87.5,100.0
S09346_L0218_E009,100.0,100.0
S09350_L0219_E009,100.0,88.88888888888889
S09350_L0225_E009,100.0,88.88888888888889
S09351_L0219_E009,100.0,100.0
S09351_L0225_E009,100.0,100.0
S09352_L0219_E009,100.0,100.0
S09352_L0225_E009,100.0,100.0
S09362_L0216_E009,85.7142857143,100.0
S09363_L0222_E009,87.5,100.0
S09365_L0224_E009,0.0,60.0
S09366_L0239_E009,60.0,60.0
S09377_L0201_E009,87.5,87.5
S09386_L0212_E009,85.7142857143,100.0
S09386_L0221_E009,100.0,100.0
S09387_L0212_E009,20.0,90.0
S09387_L0221_E009,80.0,90.0
S09396_L0206_E009,88.8888888889,100.0
S09397_L0243_E009,71.4285714286,85.71428571428571
S09402_L0209_E009,100.0,80.0
S09426_L0212_E009,37.5,100.0
S09426_L0221_E009,100.0,100.0
S09436_L0239_E009,100.0,75.0
S09448_L0216_E009,90.0,100.0
S09450_L0206_E009,88.8888888889,100.0
S09450_L0212_E009,88.8888888889,100.0
S09451_L0206_E009,100.0,100.0
S09452_L0209_E009,100.0,100.0
S09459_L0218_E009,88.8888888889,88.88888888888889
S09460_L0239_E009,100.0,100.0
S09463_L0242_E009,66.6666666667,100.0
S09474_L0219_E009,87.5,100.0
S09474_L0225_E009,100.0,100.0
S09476_L0217_E009,100.0,100.0
S09480_L0240_E009,90.0,100.0
S09483_L0219_E009,20.0,70.0
S09483_L0225_E009,20.0,70.0
S09485_L0227_E009,62.5,100.0
S09500_L0217_E009,100.0,100.0
S09502_L0225_E009,100.0,100.0
S09502_L0231_E009,100.0,100.0
S09509_L0206_E009,87.5,100.0
S09509_L0212_E009,100.0,100.0
S09515_L0201_E009,100.0,100.0
S09519_L0218_E009,100.0,100.0
S09519_L0221_E009,88.8888888889,100.0
S09525_L0215_E009,66.6666666667,100.0
S09529_L0217_E009,77.7777777778,100.0
S09533_L0209_E009,100.0,100.0
S09540_L0218_E009,100.0,100.0
S09542_L0229_E009,57.1428571429,42.857142857142854
S09542_L0242_E009,0.0,42.857142857142854
S09543_L0222_E009,57.1428571429,71.42857142857143
S09546_L0216_E009,100.0,100.0
S09553_L0227_E009,100.0,100.0
S09554_L0200_E009,100.0,100.0
S09564_L0215_E009,87.5,100.0
S09569_L0222_E009,100.0,100.0
S09571_L0236_E009,100.0,100.0
S09573_L0219_E009,50.0,100.0
S09574_L0212_E009,50.0,100.0
S09574_L0221_E009,100.0,100.0
S09577_L0200_E009,100.0,100.0
S09579_L0219_E009,100.0,100.0
S09579_L0225_E009,100.0,100.0
S09580_L0212_E009,100.0,100.0
S09580_L0221_E009,100.0,100.0
S09586_L0200_E009,0.0,14.285714285714286
S09587_L0219_E009,100.0,100.0
S09587_L0225_E009,100.0,100.0
S09589_L0217_E009,0.0,14.285714285714286
S09593_L0239_E009,100.0,100.0
S09596_L0215_E009,100.0,100.0
S09606_L0215_E009,33.3333333333,100.0
S09613_L0212_E009,90.0,100.0
S09613_L0221_E009,100.0,100.0
S09615_L0222_E009,100.0,100.0
S09616_L0216_E009,87.5,100.0
S09620_L0225_E009,100.0,100.0
S09620_L0231_E009,100.0,100.0
S09621_L0216_E009,100.0,100.0
S09625_L0231_E009,100.0,87.5
S09626_L0224_E009,100.0,100.0
S09627_L0218_E009,100.0,100.0
S09628_L0236_E009,100.0,100.0
S09634_L0227_E009,25.0,100.0
S09637_L0225_E009,42.8571428571,100.0
S09637_L0231_E009,100.0,42.857142857142854
S09641_L0222_E009,100.0,100.0
S09646_L0209_E009,100.0,100.0
S09649_L0209_E009,90.0,90.0
S09655_L0218_E009,100.0,100.0
S09655_L0221_E009,100.0,100.0
S09666_L0206_E009,100.0,100.0
S09669_L0212_E009,100.0,100.0
S09669_L0221_E009,100.0,100.0
S09670_L0243_E009,100.0,100.0
S09673_L0227_E009,62.5,100.0
S09676_L0219_E009,100.0,100.0
S09678_L0240_E009,100.0,100.0
S09681_L0222_E009,100.0,100.0
S09684_L0222_E009,100.0,100.0
S09689_L0200_E009,100.0,100.0
S09689_L0240_E009,100.0,100.0
S09704_L0216_E009,90.0,100.0
S09707_L0243_E009,100.0,100.0
S09714_L0236_E009,100.0,100.0
S09715_L0218_E009,57.1428571429,85.71428571428571
S09715_L0221_E009,85.7142857143,71.42857142857143
S09716_L0222_E009,100.0,100.0
S09717_L0242_E009,100.0,100.0
S09719_L0224_E009,100.0,100.0
S09733_L0215_E009,100.0,100.0
S09740_L0243_E009,80.0,80.0
S09753_L0224_E009,20.0,50.0
S09754_L0224_E009,100.0,71.42857142857143
S09759_L0219_E009,12.5,62.5
S09765_L0222_E009,0.0,14.285714285714286
S09767_L0240_E009,100.0,100.0
S09776_L0231_E009,100.0,100.0
S09777_L0229_E009,100.0,100.0
S09777_L0242_E009,100.0,100.0
S09780_L0242_E009,100.0,100.0
S09790_L0239_E009,60.0,100.0
S09793_L0209_E009,0.0,0.0
S09811_L0206_E009,100.0,100.0
S09812_L0201_E009,87.5,87.5
S09818_L0224_E009,75.0,100.0
S09824_L0236_E009,100.0,100.0
S09827_L0219_E009,80.0,100.0
S09828_L0239_E009,100.0,100.0
S09831_L0239_E009,42.8571428571,71.42857142857143
S09833_L0206_E009,100.0,85.71428571428571
S09837_L0218_E009,100.0,100.0
S09837_L0221_E009,100.0,100.0
S09841_L0243_E009,100.0,85.71428571428571
S09844_L0209_E009,100.0,100.0
S09846_L0217_E009,100.0,85.71428571428571
S09856_L0222_E009,100.0,100.0
S09857_L0212_E009,100.0,100.0
S09857_L0221_E009,100.0,100.0
S09860_L0239_E009,100.0,71.42857142857143
S09862_L0243_E009,85.7142857143,100.0
S09865_L0239_E009,37.5,62.5
S09866_L0229_E009,100.0,87.5
S09870_L0206_E009,0.0,87.5
S09884_L0239_E009,100.0,100.0
S09892_L0239_E009,100.0,100.0
S09893_L0227_E009,100.0,100.0
S09894_L0227_E009,100.0,100.0
S09900_L0243_E009,100.0,100.0
S09903_L0236_E009,77.7777777778,55.55555555555556
S09904_L0209_E009,90.0,90.0
S09907_L0243_E009,77.7777777778,77.77777777777777
S09908_L0215_E009,100.0,100.0
S09913_L0216_E009,100.0,100.0
S09915_L0216_E009,100.0,100.0
S09919_L0225_E009,90.0,100.0
S09919_L0231_E009,90.0,100.0
S09922_L0206_E009,55.5555555556,66.66666666666667
S09922_L0212_E009,88.8888888889,77.77777777777777
S09923_L0218_E009,100.0,100.0
S09928_L0201_E009,100.0,100.0
S09934_L0219_E009,77.7777777778,100.0
S09934_L0225_E009,100.0,88.88888888888889
S09935_L0242_E009,100.0,100.0
S09945_L0215_E009,100.0,100.0
S09951_L0200_E009,87.5,75.0
S09952_L0218_E009,100.0,100.0
S09952_L0221_E009,100.0,100.0
S09961_L0206_E009,85.7142857143,100.0
S09961_L0212_E009,100.0,100.0
S09964_L0201_E009,100.0,100.0
S09971_L0218_E009,62.5,100.0
S09972_L0243_E009,100.0,100.0
S09977_L0239_E009,75.0,87.5
S10000_L0224_E009,71.4285714286,85.71428571428571
S08510_L0218_E010,100.0,100.0
S08510_L0221_E010,100.0,100.0
S08512_L0236_E010,25.0,50.0
S08515_L0229_E010,100.0,100.0
S08515_L0242_E010,100.0,100.0
S08529_L0215_E010,71.4285714286,100.0
S08537_L0216_E010,57.1428571429,57.142857142857146
S08540_L0209_E010,100.0,66.66666666666667
S08546_L0236_E010,100.0,87.5
S08554_L0243_E010,100.0,100.0
S08558_L0225_E010,70.0,70.0
S08558_L0231_E010,70.0,70.0
S08561_L0218_E010,100.0,100.0
S08566_L0243_E010,42.8571428571,85.71428571428571
S08574_L0209_E010,100.0,88.88888888888889
S08575_L0242_E010,60.0,100.0
S08576_L0216_E010,100.0,100.0
S08578_L0227_E010,100.0,100.0
S08579_L0201_E010,100.0,71.42857142857143
S08582_L0219_E010,87.5,100.0
S08590_L0227_E010,37.5,87.5
S08594_L0201_E010,70.0,90.0
S08600_L0225_E010,100.0,100.0
S08600_L0231_E010,100.0,100.0
S08606_L0229_E010,88.8888888889,100.0
S08614_L0243_E010,100.0,100.0
S08616_L0218_E010,0.0,71.42857142857143
S08616_L0221_E010,100.0,57.142857142857146
S08625_L0217_E010,100.0,100.0
S08627_L0206_E010,88.8888888889,100.0
S08628_L0200_E010,100.0,100.0
S08637_L0206_E010,100.0,100.0
S08637_L0212_E010,100.0,100.0
S08644_L0201_E010,100.0,100.0
S08645_L0242_E010,100.0,88.88888888888889
S08651_L0222_E010,100.0,100.0
S08652_L0206_E010,100.0,100.0
S08653_L0215_E010,85.7142857143,100.0
S08658_L0218_E010,100.0,100.0
S08658_L0221_E010,100.0,100.0
S08660_L0215_E010,62.5,100.0
S08682_L0224_E010,77.7777777778,100.0
S08683_L0229_E010,100.0,100.0
S08685_L0242_E010,28.5714285714,28.571428571428573
S08686_L0218_E010,28.5714285714,85.71428571428571
S08689_L0218_E010,100.0,100.0
S08690_L0231_E010,100.0,100.0
S08702_L0222_E010,100.0,100.0
S08703_L0216_E010,100.0,100.0
S08707_L0219_E010,100.0,100.0
S08713_L0236_E010,100.0,100.0
S08722_L0236_E010,75.0,100.0
S08723_L0239_E010,100.0,100.0
S08725_L0224_E010,80.0,100.0
S08727_L0227_E010,100.0,88.88888888888889
S08732_L0217_E010,87.5,100.0
S08735_L0236_E010,0.0,37.5
S08739_L0240_E010,80.0,100.0
S08742_L0216_E010,100.0,100.0
S08743_L0206_E010,0.0,100.0
S08743_L0212_E010,28.5714285714,100.0
S08745_L0243_E010,100.0,85.71428571428571
S08750_L0206_E010,100.0,100.0
S08750_L0212_E010,100.0,100.0
S08751_L0216_E010,70.0,100.0
S08753_L0201_E010,100.0,100.0
S08765_L0239_E010,100.0,100.0
S08766_L0222_E010,100.0,100.0
S08767_L0239_E010,75.0,87.5
S08771_L0229_E010,100.0,100.0
S08771_L0242_E010,100.0,100.0
S08778_L0209_E010,85.7142857143,100.0
S08779_L0209_E010,100.0,57.142857142857146
S08780_L0209_E010,100.0,100.0
S08781_L0222_E010,100.0,100.0
S08782_L0200_E010,100.0,100.0
S08785_L0227_E010,33.3333333333,100.0
S08790_L0242_E010,80.0,100.0
S08791_L0217_E010,100.0,100.0
S08793_L0224_E010,100.0,100.0
S08795_L0242_E010,90.0,100.0
S08798_L0216_E010,0.0,100.0
S08807_L0227_E010,60.0,100.0
S08809_L0227_E010,11.1111111111,77.77777777777777
S08815_L0229_E010,100.0,100.0
S08815_L0242_E010,100.0,100.0
S08816_L0222_E010,55.5555555556,88.88888888888889
S08818_L0231_E010,100.0,100.0
S08820_L0209_E010,70.0,100.0
S08843_L0219_E010,85.7142857143,100.0
S08844_L0201_E010,100.0,100.0
S08853_L0206_E010,87.5,100.0
S08854_L0227_E010,100.0,80.0
S08862_L0224_E010,50.0,100.0
S08869_L0239_E010,100.0,100.0
S08875_L0218_E010,70.0,100.0
S08875_L0221_E010,100.0,100.0
S08887_L0243_E010,66.6666666667,55.55555555555556
S08889_L0217_E010,100.0,100.0
S08895_L0240_E010,22.2222222222,0.0
S08897_L0236_E010,100.0,100.0
S08899_L0236_E010,100.0,100.0
S08901_L0229_E010,100.0,100.0
S08903_L0206_E010,75.0,87.5
S08903_L0212_E010,75.0,87.5
S08905_L0201_E010,100.0,100.0
S08916_L0200_E010,88.8888888889,100.0
S08916_L0240_E010,88.8888888889,100.0
S08922_L0200_E010,100.0,100.0
S08922_L0240_E010,100.0,100.0
S08923_L0200_E010,100.0,100.0
S08923_L0240_E010,100.0,100.0
S08931_L0224_E010,80.0,100.0
S08939_L0212_E010,100.0,100.0
S08939_L0221_E010,85.7142857143,100.0
S08943_L0222_E010,100.0,100.0
S08949_L0215_E010,88.8888888889,100.0
S08950_L0215_E010,100.0,100.0
S08952_L0222_E010,100.0,100.0
S08959_L0243_E010,85.7142857143,85.71428571428571
S08965_L0201_E010,100.0,100.0
S08969_L0219_E010,71.4285714286,85.71428571428571
S08969_L0225_E010,100.0,100.0
S08971_L0227_E010,0.0,85.71428571428571
S08973_L0239_E010,44.4444444444,88.88888888888889
S08976_L0239_E010,100.0,100.0
S08979_L0209_E010,100.0,100.0
S08983_L0225_E010,60.0,90.0
S08983_L0231_E010,80.0,100.0
S08987_L0239_E010,100.0,100.0
S08993_L0217_E010,14.2857142857,100.0
S08997_L0229_E010,100.0,75.0
S08997_L0242_E010,87.5,75.0
S08998_L0229_E010,57.1428571429,71.42857142857143
S09000_L0236_E010,100.0,100.0
S09018_L0219_E010,55.5555555556,100.0
S09030_L0200_E010,100.0,100.0
S09040_L0215_E010,100.0,100.0
S09047_L0229_E010,100.0,100.0
S09049_L0212_E010,100.0,100.0
S09049_L0221_E010,100.0,100.0
S09061_L0200_E010,100.0,100.0
S09065_L0212_E010,90.0,100.0
S09065_L0221_E010,90.0,100.0
S09067_L0239_E010,80.0,90.0
S09069_L0224_E010,100.0,88.88888888888889
S09071_L0222_E010,37.5,100.0
S09073_L0217_E010,100.0,100.0
S09078_L0227_E010,33.3333333333,100.0
S09080_L0215_E010,100.0,100.0
S09082_L0236_E010,77.7777777778,100.0
S09086_L0206_E010,80.0,80.0
S09086_L0212_E010,90.0,80.0
S09088_L0209_E010,50.0,100.0
S09092_L0217_E010,100.0,88.88888888888889
S09094_L0218_E010,100.0,100.0
S09101_L0224_E010,100.0,90.0
S09107_L0218_E010,22.2222222222,55.55555555555556
S09107_L0221_E010,100.0,66.66666666666667
S09111_L0231_E010,100.0,100.0
S09128_L0242_E010,60.0,100.0
S09136_L0227_E010,100.0,100.0
S09140_L0209_E010,100.0,100.0
S09142_L0200_E010,100.0,100.0
S09144_L0227_E010,100.0,100.0
S09152_L0227_E010,42.8571428571,85.71428571428571
S09154_L0227_E010,80.0,90.0
S09155_L0239_E010,85.7142857143,100.0
S09156_L0240_E010,100.0,100.0
S09158_L0243_E010,100.0,100.0
S09164_L0218_E010,87.5,100.0
S09175_L0217_E010,100.0,100.0
S09178_L0229_E010,85.7142857143,100.0
S09178_L0242_E010,85.7142857143,100.0
S09181_L0201_E010,80.0,100.0
S09188_L0219_E010,100.0,100.0
S09196_L0222_E010,100.0,88.88888888888889
S09199_L0218_E010,100.0,100.0
S09199_L0221_E010,100.0,100.0
S09203_L0239_E010,87.5,62.5
S09205_L0236_E010,42.8571428571,57.142857142857146
S09208_L0218_E010,100.0,100.0
S09208_L0221_E010,100.0,100.0
S09209_L0201_E010,100.0,77.77777777777777
S09214_L0217_E010,100.0,100.0
S09227_L0219_E010,100.0,100.0
S09227_L0225_E010,100.0,100.0
S09228_L0206_E010,90.0,100.0
S09231_L0225_E010,90.0,100.0
S09231_L0231_E010,100.0,100.0
S09234_L0229_E010,71.4285714286,100.0
S09234_L0242_E010,85.7142857143,100.0
S09245_L0209_E010,100.0,100.0
S09246_L0229_E010,100.0,80.0
S09248_L0222_E010,100.0,100.0
S09250_L0209_E010,100.0,100.0
S09255_L0224_E010,25.0,62.5
S09261_L0239_E010,100.0,100.0
S09262_L0236_E010,100.0,87.5
S09264_L0236_E010,87.5,100.0
S09265_L0200_E010,77.7777777778,100.0
S09270_L0243_E010,100.0,100.0
S09271_L0209_E010,100.0,100.0
S09274_L0236_E010,55.5555555556,100.0
S09276_L0217_E010,100.0,100.0
S09281_L0231_E010,100.0,100.0
S09288_L0215_E010,14.2857142857,85.71428571428571
S09297_L0231_E010,100.0,75.0
S09298_L0239_E010,85.7142857143,85.71428571428571
S09306_L0236_E010,62.5,100.0
S09308_L0200_E010,100.0,100.0
S09314_L0215_E010,28.5714285714,85.71428571428571
S09317_L0217_E010,0.0,85.71428571428571
S09325_L0219_E010,33.3333333333,100.0
S09338_L0225_E010,100.0,100.0
S09338_L0231_E010,100.0,100.0
S09339_L0229_E010,87.5,100.0
S09341_L0218_E010,100.0,100.0
S09341_L0221_E010,100.0,100.0
S09342_L0200_E010,10.0,80.0
S09345_L0222_E010,0.0,0.0
S09346_L0206_E010,100.0,100.0
S09350_L0216_E010,100.0,88.88888888888889
S09351_L0216_E010,100.0,100.0
S09352_L0216_E010,100.0,100.0
S09363_L0225_E010,100.0,62.5
S09363_L0231_E010,87.5,62.5
S09365_L0200_E010,10.0,40.0
S09366_L0219_E010,30.0,60.0
S09378_L0229_E010,10.0,40.0
S09378_L0242_E010,10.0,50.0
S09380_L0218_E010,28.5714285714,14.285714285714286
S09380_L0221_E010,28.5714285714,14.285714285714286
S09382_L0243_E010,0.0,0.0
S09386_L0201_E010,57.1428571429,100.0
S09387_L0201_E010,0.0,90.0
S09396_L0215_E010,66.6666666667,100.0
S09397_L0239_E010,57.1428571429,85.71428571428571
S09398_L0218_E010,28.5714285714,42.857142857142854
S09398_L0221_E010,14.2857142857,14.285714285714286
S09402_L0222_E010,70.0,90.0
S09406_L0206_E010,0.0,100.0
S09406_L0212_E010,42.8571428571,85.71428571428571
S09426_L0201_E010,37.5,62.5
S09429_L0229_E010,33.3333333333,66.66666666666667
S09429_L0242_E010,55.5555555556,66.66666666666667
S09436_L0219_E010,100.0,100.0
S09436_L0225_E010,100.0,100.0
S09438_L0243_E010,100.0,100.0
S09446_L0212_E010,85.7142857143,85.71428571428571
S09446_L0221_E010,85.7142857143,85.71428571428571
S09450_L0215_E010,77.7777777778,100.0
S09451_L0215_E010,62.5,100.0
S09452_L0222_E010,57.1428571429,85.71428571428571
S09455_L0206_E010,87.5,100.0
S09455_L0212_E010,100.0,100.0
S09459_L0206_E010,55.5555555556,88.88888888888889
S09460_L0219_E010,44.4444444444,100.0
S09460_L0225_E010,100.0,100.0
S09463_L0236_E010,55.5555555556,100.0
S09470_L0218_E010,0.0,0.0
S09470_L0221_E010,0.0,0.0
S09474_L0216_E010,100.0,87.5
S09476_L0236_E010,100.0,100.0
S09483_L0216_E010,20.0,70.0
S09485_L0217_E010,50.0,100.0
S09488_L0243_E010,100.0,100.0
S09500_L0243_E010,85.7142857143,100.0
S09509_L0215_E010,100.0,100.0
S09510_L0212_E010,100.0,100.0
S09510_L0221_E010,100.0,100.0
S09519_L0201_E010,100.0,100.0
S09520_L0229_E010,100.0,100.0
S09520_L0242_E010,100.0,100.0
S09525_L0229_E010,100.0,100.0
S09529_L0243_E010,77.7777777778,88.88888888888889
S09532_L0212_E010,44.4444444444,100.0
S09532_L0221_E010,55.5555555556,100.0
S09533_L0222_E010,85.7142857143,100.0
S09540_L0206_E010,88.8888888889,100.0
S09543_L0231_E010,42.8571428571,100.0
S09546_L0224_E010,0.0,0.0
S09553_L0242_E010,40.0,100.0
S09554_L0218_E010,100.0,100.0
S09564_L0227_E010,12.5,87.5
S09569_L0225_E010,100.0,100.0
S09569_L0231_E010,100.0,100.0
S09571_L0209_E010,100.0,100.0
S09573_L0216_E010,12.5,50.0
S09574_L0201_E010,87.5,100.0
S09577_L0218_E010,87.5,87.5
S09579_L0216_E010,100.0,100.0
S09580_L0201_E010,0.0,100.0
S09581_L0212_E010,100.0,100.0
S09581_L0221_E010,100.0,100.0
S09586_L0218_E010,0.0,85.71428571428571
S09587_L0216_E010,100.0,100.0
S09589_L0243_E010,100.0,57.142857142857146
S09593_L0219_E010,100.0,100.0
S09593_L0225_E010,100.0,100.0
S09596_L0227_E010,0.0,100.0
S09606_L0227_E010,0.0,66.66666666666667
S09613_L0201_E010,30.0,100.0
S09615_L0225_E010,70.0,100.0
S09615_L0231_E010,100.0,100.0
S09616_L0224_E010,100.0,100.0
S09625_L0224_E010,100.0,87.5
S09626_L0200_E010,87.5,100.0
S09627_L0206_E010,100.0,100.0
S09628_L0209_E010,100.0,100.0
S09634_L0242_E010,0.0,25.0
S09641_L0231_E010,85.7142857143,100.0
S09646_L0222_E010,0.0,100.0
S09649_L0222_E010,60.0,100.0
S09655_L0201_E010,25.0,50.0
S09662_L0229_E010,100.0,100.0
S09662_L0242_E010,100.0,100.0
S09666_L0215_E010,100.0,100.0
S09669_L0201_E010,100.0,100.0
S09670_L0239_E010,100.0,100.0
S09673_L0217_E010,50.0,87.5
S09676_L0216_E010,100.0,100.0
S09677_L0240_E010,88.8888888889,100.0
S09681_L0231_E010,100.0,100.0
S09684_L0225_E010,100.0,100.0
S09684_L0231_E010,90.0,100.0
S09704_L0224_E010,100.0,100.0
S09707_L0239_E010,0.0,87.5
S09714_L0209_E010,100.0,100.0
S09715_L0201_E010,0.0,42.857142857142854
S09716_L0231_E010,90.0,90.0
S09717_L0236_E010,100.0,87.5
S09719_L0200_E010,100.0,100.0
S09719_L0240_E010,100.0,100.0
S09733_L0229_E010,88.8888888889,100.0
S09740_L0239_E010,40.0,80.0
S09753_L0200_E010,20.0,70.0
S09754_L0200_E010,100.0,85.71428571428571
S09754_L0240_E010,100.0,100.0
S09759_L0216_E010,0.0,0.0
S09765_L0231_E010,14.2857142857,28.571428571428573
S09776_L0224_E010,100.0,100.0
S09780_L0236_E010,85.7142857143,100.0
S09790_L0219_E010,30.0,100.0
S09790_L0225_E010,80.0,100.0
S09793_L0222_E010,0.0,28.571428571428573
S09803_L0212_E010,100.0,100.0
S09803_L0221_E010,85.7142857143,100.0
S09811_L0215_E010,25.0,62.5
S09812_L0227_E010,62.5,87.5
S09818_L0200_E010,12.5,75.0
S09818_L0240_E010,50.0,75.0
S09819_L0243_E010,100.0,100.0
S09824_L0209_E010,80.0,100.0
S09827_L0216_E010,100.0,100.0
S09828_L0219_E010,100.0,100.0
S09828_L0225_E010,100.0,100.0
S09830_L0212_E010,10.0,60.0
S09830_L0221_E010,60.0,90.0
S09831_L0219_E010,14.2857142857,71.42857142857143
S09831_L0225_E010,0.0,71.42857142857143
S09833_L0215_E010,71.4285714286,42.857142857142854
S09837_L0201_E010,100.0,100.0
S09841_L0239_E010,0.0,57.142857142857146
S09844_L0222_E010,100.0,77.77777777777777
S09846_L0243_E010,85.7142857143,57.142857142857146
S09856_L0231_E010,100.0,100.0
S09857_L0201_E010,100.0,100.0
S09860_L0219_E010,28.5714285714,57.142857142857146
S09861_L0240_E010,100.0,85.71428571428571
S09862_L0239_E010,85.7142857143,85.71428571428571
S09865_L0219_E010,25.0,50.0
S09866_L0217_E010,87.5,87.5
S09870_L0215_E010,25.0,87.5
S09877_L0240_E010,100.0,100.0
S09884_L0219_E010,100.0,100.0
S09892_L0219_E010,85.7142857143,100.0
S09893_L0242_E010,100.0,88.88888888888889
S09894_L0217_E010,87.5,100.0
S09899_L0225_E010,71.4285714286,100.0
S09899_L0231_E010,100.0,100.0
S09900_L0239_E010,0.0,100.0
S09903_L0209_E010,33.3333333333,88.88888888888889
S09904_L0222_E010,30.0,90.0
S09907_L0239_E010,33.3333333333,22.22222222222222
S09908_L0229_E010,100.0,100.0
S09911_L0240_E010,70.0,100.0
S09913_L0224_E010,85.7142857143,100.0
S09920_L0236_E010,100.0,100.0
S09922_L0215_E010,0.0,44.44444444444444
S09923_L0206_E010,100.0,100.0
S09934_L0216_E010,33.3333333333,77.77777777777777
S09935_L0236_E010,88.8888888889,100.0
S09945_L0229_E010,28.5714285714,85.71428571428571
S09951_L0218_E010,37.5,87.5
S09952_L0201_E010,100.0,100.0
S09961_L0215_E010,57.1428571429,100.0
S09964_L0227_E010,12.5,100.0
S09971_L0206_E010,87.5,62.5
S09972_L0239_E010,71.4285714286,100.0
S09977_L0219_E010,0.0,0.0
S09977_L0225_E010,100.0,12.5
S10000_L0200_E010,57.1428571429,85.71428571428571
S10000_L0240_E010,85.7142857143,85.71428571428571
S08510_L0201_E013,100.0,100.0
S08512_L0209_E013,62.5,100.0
S08529_L0229_E013,85.7142857143,100.0
S08532_L0240_E013,100.0,100.0
S08540_L0222_E013,100.0,100.0
S08546_L0209_E013,87.5,100.0
S08554_L0239_E013,37.5,100.0
S08555_L0229_E013,28.5714285714,100.0
S08555_L0242_E013,100.0,100.0
S08561_L0206_E013,85.7142857143,100.0
S08566_L0239_E013,0.0,100.0
S08574_L0222_E013,100.0,100.0
S08575_L0236_E013,100.0,100.0
S08576_L0224_E013,100.0,100.0
S08578_L0217_E013,100.0,100.0
S08582_L0216_E013,100.0,100.0
S08590_L0242_E013,75.0,100.0
S08594_L0227_E013,40.0,100.0
S08606_L0217_E013,100.0,100.0
S08613_L0243_E013,100.0,100.0
S08614_L0239_E013,90.0,100.0
S08616_L0201_E013,100.0,71.42857142857143
S08625_L0243_E013,100.0,100.0
S08627_L0215_E013,22.2222222222,100.0
S08628_L0218_E013,100.0,100.0
S08636_L0218_E013,100.0,100.0
S08636_L0221_E013,100.0,100.0
S08637_L0215_E013,100.0,100.0
S08645_L0236_E013,100.0,100.0
S08651_L0231_E013,100.0,100.0
S08652_L0215_E013,100.0,100.0
S08653_L0227_E013,0.0,100.0
S08658_L0201_E013,85.7142857143,100.0
S08660_L0227_E013,25.0,100.0
S08682_L0200_E013,100.0,100.0
S08683_L0217_E013,100.0,100.0
S08685_L0236_E013,57.1428571429,100.0
S08686_L0206_E013,85.7142857143,100.0
S08689_L0206_E013,100.0,100.0
S08690_L0224_E013,100.0,100.0
S08702_L0225_E013,100.0,100.0
S08702_L0231_E013,100.0,100.0
S08703_L0224_E013,100.0,100.0
S08707_L0216_E013,100.0,100.0
S08710_L0218_E013,100.0,100.0
S08710_L0221_E013,42.8571428571,100.0
S08713_L0209_E013,85.7142857143,100.0
S08722_L0209_E013,100.0,100.0
S08723_L0219_E013,62.5,100.0
S08723_L0225_E013,100.0,100.0
S08725_L0200_E013,90.0,100.0
S08725_L0240_E013,100.0,100.0
S08727_L0217_E013,100.0,100.0
S08732_L0236_E013,87.5,100.0
S08735_L0209_E013,87.5,100.0
S08742_L0224_E013,85.7142857143,100.0
S08743_L0215_E013,100.0,100.0
S08745_L0239_E013,85.7142857143,100.0
S08750_L0215_E013,71.4285714286,100.0
S08751_L0224_E013,60.0,100.0
S08752_L0206_E013,100.0,100.0
S08759_L0229_E013,100.0,100.0
S08759_L0242_E013,88.8888888889,100.0
S08765_L0219_E013,87.5,100.0
S08765_L0225_E013,100.0,100.0
S08766_L0225_E013,100.0,100.0
S08766_L0231_E013,100.0,100.0
S08767_L0219_E013,87.5,87.5
S08778_L0222_E013,71.4285714286,100.0
S08779_L0222_E013,100.0,100.0
S08780_L0222_E013,100.0,100.0
S08781_L0225_E013,100.0,100.0
S08781_L0231_E013,100.0,100.0
S08782_L0218_E013,100.0,100.0
S08785_L0217_E013,100.0,100.0
S08790_L0236_E013,90.0,100.0
S08791_L0236_E013,100.0,100.0
S08793_L0200_E013,100.0,100.0
S08794_L0229_E013,100.0,100.0
S08794_L0242_E013,100.0,100.0
S08795_L0236_E013,100.0,100.0
S08798_L0224_E013,100.0,100.0
S08800_L0218_E013,88.8888888889,100.0
S08800_L0221_E013,88.8888888889,100.0
S08807_L0242_E013,80.0,100.0
S08809_L0217_E013,88.8888888889,77.77777777777777
S08816_L0231_E013,77.7777777778,77.77777777777777
S08817_L0218_E013,100.0,100.0
S08817_L0221_E013,100.0,100.0
S08818_L0224_E013,100.0,100.0
S08820_L0222_E013,60.0,100.0
S08836_L0240_E013,100.0,100.0
S08837_L0218_E013,100.0,100.0
S08837_L0221_E013,100.0,100.0
S08843_L0216_E013,85.7142857143,100.0
S08853_L0215_E013,87.5,100.0
S08854_L0242_E013,90.0,100.0
S08862_L0200_E013,90.0,100.0
S08862_L0240_E013,100.0,100.0
S08867_L0243_E013,85.7142857143,100.0
S08869_L0219_E013,66.6666666667,100.0
S08875_L0201_E013,100.0,100.0
S08883_L0243_E013,100.0,100.0
S08887_L0239_E013,44.4444444444,88.88888888888889
S08889_L0236_E013,100.0,100.0
S08890_L0229_E013,100.0,85.71428571428571
S08890_L0242_E013,100.0,85.71428571428571
S08891_L0243_E013,100.0,100.0
S08897_L0209_E013,100.0,100.0
S08899_L0209_E013,100.0,100.0
S08901_L0217_E013,100.0,100.0
S08903_L0215_E013,62.5,100.0
S08905_L0227_E013,40.0,100.0
S08911_L0221_E013,100.0,100.0
S08929_L0218_E013,100.0,100.0
S08929_L0221_E013,100.0,100.0
S08931_L0200_E013,90.0,100.0
S08931_L0240_E013,90.0,100.0
S08935_L0229_E013,100.0,100.0
S08935_L0242_E013,100.0,100.0
S08939_L0201_E013,100.0,100.0
S08943_L0225_E013,100.0,100.0
S08943_L0231_E013,100.0,100.0
S08949_L0227_E013,77.7777777778,100.0
S08950_L0227_E013,11.1111111111,100.0
S08952_L0231_E013,87.5,100.0
S08956_L0240_E013,100.0,100.0
S08959_L0239_E013,28.5714285714,100.0
S08961_L0212_E013,100.0,100.0
S08961_L0221_E013,100.0,100.0
S08969_L0216_E013,100.0,100.0
S08971_L0242_E013,85.7142857143,100.0
S08973_L0225_E013,44.4444444444,100.0
S08976_L0219_E013,85.7142857143,100.0
S08977_L0218_E013,100.0,100.0
S08977_L0221_E013,100.0,100.0
S08979_L0222_E013,80.0,100.0
S08980_L0240_E013,100.0,100.0
S08993_L0236_E013,14.2857142857,100.0
S08998_L0217_E013,100.0,100.0
S09000_L0209_E013,100.0,100.0
S09011_L0206_E013,100.0,100.0
S09011_L0212_E013,90.0,100.0
S09018_L0216_E013,100.0,100.0
S09029_L0212_E013,75.0,100.0
S09029_L0221_E013,100.0,100.0
S09030_L0218_E013,70.0,100.0
S09034_L0229_E013,87.5,100.0
S09034_L0242_E013,75.0,100.0
S09040_L0227_E013,44.4444444444,100.0
S09047_L0217_E013,100.0,100.0
S09049_L0201_E013,100.0,100.0
S09061_L0218_E013,100.0,100.0
S09065_L0201_E013,90.0,100.0
S09067_L0219_E013,70.0,100.0
S09067_L0225_E013,100.0,100.0
S09069_L0200_E013,100.0,100.0
S09069_L0240_E013,100.0,100.0
S09071_L0231_E013,100.0,100.0
S09073_L0236_E013,100.0,100.0
S09078_L0242_E013,88.8888888889,100.0
S09080_L0229_E013,90.0,100.0
S09082_L0209_E013,100.0,100.0
S09086_L0215_E013,0.0,100.0
S09088_L0222_E013,100.0,100.0
S09092_L0236_E013,77.7777777778,100.0
S09094_L0206_E013,100.0,100.0
S09101_L0200_E013,100.0,100.0
S09101_L0240_E013,100.0,100.0
S09107_L0201_E013,88.8888888889,100.0
S09111_L0224_E013,100.0,100.0
S09128_L0236_E013,80.0,100.0
S09136_L0217_E013,100.0,100.0
S09140_L0222_E013,50.0,100.0
S09142_L0218_E013,100.0,100.0
S09144_L0217_E013,100.0,100.0
S09152_L0242_E013,100.0,100.0
S09154_L0217_E013,100.0,100.0
S09155_L0219_E013,85.7142857143,100.0
S09158_L0239_E013,100.0,100.0
S09161_L0229_E013,100.0,100.0
S09161_L0242_E013,100.0,100.0
S09164_L0206_E013,75.0,100.0
S09175_L0236_E013,100.0,100.0
S09188_L0216_E013,100.0,100.0
S09193_L0229_E013,85.7142857143,100.0
S09193_L0242_E013,100.0,100.0
S09196_L0231_E013,100.0,100.0
S09199_L0201_E013,100.0,100.0
S09203_L0219_E013,100.0,100.0
S09205_L0209_E013,42.8571428571,100.0
S09208_L0201_E013,100.0,100.0
S09209_L0227_E013,11.1111111111,100.0
S09214_L0243_E013,100.0,100.0
S09227_L0216_E013,100.0,100.0
S09228_L0215_E013,100.0,100.0
S09245_L0222_E013,75.0,100.0
S09246_L0217_E013,100.0,80.0
S09248_L0225_E013,100.0,100.0
S09248_L0231_E013,100.0,100.0
S09250_L0222_E013,100.0,100.0
S09255_L0200_E013,100.0,100.0
S09259_L0206_E013,85.7142857143,100.0
S09259_L0212_E013,100.0,100.0
S09261_L0219_E013,100.0,100.0
S09261_L0225_E013,100.0,100.0
S09262_L0209_E013,75.0,100.0
S09264_L0209_E013,100.0,100.0
S09265_L0218_E013,100.0,100.0
S09270_L0239_E013,70.0,100.0
S09271_L0222_E013,100.0,100.0
S09274_L0209_E013,100.0,100.0
S09276_L0243_E013,100.0,100.0
S09277_L0218_E013,100.0,100.0
S09277_L0221_E013,85.7142857143,100.0
S09280_L0218_E013,100.0,100.0
S09280_L0221_E013,100.0,100.0
S09281_L0224_E013,85.7142857143,100.0
S09282_L0206_E013,88.8888888889,100.0
S09282_L0212_E013,100.0,100.0
S09288_L0229_E013,85.7142857143,100.0
S09297_L0224_E013,100.0,100.0
S09306_L0209_E013,12.5,100.0
S09308_L0218_E013,100.0,100.0
S09314_L0229_E013,100.0,100.0
S09315_L0243_E013,71.4285714286,100.0
S09317_L0236_E013,28.5714285714,100.0
S09321_L0229_E013,100.0,100.0
S09321_L0242_E013,100.0,100.0
S09325_L0216_E013,100.0,100.0
S09328_L0229_E013,100.0,100.0
S09328_L0242_E013,100.0,100.0
S09329_L0212_E013,100.0,100.0
S09329_L0221_E013,71.4285714286,100.0
S09332_L0212_E013,100.0,100.0
S09332_L0221_E013,100.0,100.0
S09339_L0217_E013,100.0,100.0
S09341_L0201_E013,100.0,100.0
S09342_L0218_E013,50.0,100.0
S09345_L0231_E013,100.0,100.0
S09346_L0215_E013,85.7142857143,100.0
S09366_L0216_E013,90.0,100.0
S09377_L0229_E013,100.0,100.0
S09377_L0242_E013,100.0,100.0
S09380_L0201_E013,28.5714285714,100.0
S09382_L0239_E013,85.7142857143,100.0
S09386_L0227_E013,14.2857142857,100.0
S09387_L0227_E013,0.0,100.0
S09396_L0229_E013,100.0,100.0
S09397_L0219_E013,71.4285714286,100.0
S09398_L0201_E013,85.7142857143,100.0
S09402_L0225_E013,100.0,100.0
S09402_L0231_E013,100.0,100.0
S09406_L0215_E013,71.4285714286,100.0
S09426_L0227_E013,0.0,100.0
S09436_L0216_E013,100.0,100.0
S09438_L0239_E013,88.8888888889,100.0
S09446_L0201_E013,85.7142857143,100.0
S09450_L0227_E013,0.0,100.0
S09451_L0229_E013,100.0,100.0
S09452_L0225_E013,100.0,100.0
S09452_L0231_E013,100.0,100.0
S09455_L0215_E013,87.5,100.0
S09459_L0215_E013,66.6666666667,88.88888888888889
S09460_L0216_E013,100.0,100.0
S09463_L0209_E013,100.0,100.0
S09470_L0201_E013,0.0,77.77777777777777
S09476_L0209_E013,100.0,100.0
S09480_L0212_E013,80.0,100.0
S09480_L0221_E013,100.0,100.0
S09485_L0236_E013,100.0,100.0
S09488_L0239_E013,37.5,100.0
S09500_L0239_E013,85.7142857143,100.0
S09502_L0240_E013,100.0,100.0
S09509_L0227_E013,62.5,100.0
S09510_L0201_E013,100.0,100.0
S09515_L0229_E013,100.0,100.0
S09515_L0242_E013,88.8888888889,100.0
S09525_L0217_E013,100.0,100.0
S09529_L0239_E013,77.7777777778,100.0
S09532_L0201_E013,100.0,100.0
S09533_L0231_E013,57.1428571429,100.0
S09540_L0215_E013,100.0,88.88888888888889
S09542_L0243_E013,100.0,100.0
S09543_L0224_E013,100.0,100.0
S09546_L0200_E013,80.0,100.0
S09553_L0236_E013,90.0,100.0
S09554_L0206_E013,100.0,100.0
S09564_L0217_E013,87.5,100.0
S09571_L0222_E013,75.0,100.0
S09573_L0224_E013,100.0,100.0
S09574_L0227_E013,0.0,100.0
S09577_L0206_E013,87.5,100.0
S09580_L0227_E013,25.0,100.0
S09581_L0201_E013,100.0,100.0
S09586_L0206_E013,100.0,100.0
S09589_L0239_E013,100.0,100.0
S09593_L0216_E013,100.0,100.0
S09596_L0217_E013,100.0,100.0
S09606_L0217_E013,77.7777777778,100.0
S09613_L0227_E013,10.0,100.0
S09616_L0200_E013,87.5,100.0
S09620_L0240_E013,100.0,100.0
S09625_L0200_E013,100.0,100.0
S09625_L0240_E013,100.0,100.0
S09626_L0218_E013,100.0,100.0
S09627_L0215_E013,87.5,100.0
S09628_L0222_E013,100.0,100.0
S09634_L0236_E013,25.0,100.0
S09637_L0240_E013,85.7142857143,100.0
S09641_L0224_E013,100.0,100.0
S09646_L0225_E013,100.0,100.0
S09646_L0231_E013,87.5,100.0
S09649_L0225_E013,90.0,100.0
S09649_L0231_E013,90.0,100.0
S09666_L0229_E013,100.0,100.0
S09669_L0227_E013,11.1111111111,100.0
S09670_L0225_E013,100.0,100.0
S09673_L0236_E013,75.0,100.0
S09676_L0224_E013,100.0,100.0
S09678_L0206_E013,90.0,100.0
S09678_L0212_E013,70.0,100.0
S09681_L0224_E013,100.0,100.0
S09689_L0206_E013,90.0,100.0
S09689_L0212_E013,90.0,100.0
S09704_L0200_E013,100.0,100.0
S09707_L0219_E013,100.0,100.0
S09707_L0225_E013,50.0,100.0
S09714_L0222_E013,100.0,100.0
S09716_L0224_E013,100.0,100.0
S09717_L0209_E013,100.0,100.0
S09733_L0217_E013,66.6666666667,100.0
S09740_L0219_E013,60.0,100.0
S09740_L0225_E013,90.0,100.0
S09752_L0218_E013,100.0,100.0
S09752_L0221_E013,100.0,100.0
S09753_L0218_E013,60.0,80.0
S09759_L0224_E013,100.0,100.0
S09765_L0224_E013,42.8571428571,100.0
S09767_L0212_E013,100.0,100.0
S09767_L0221_E013,100.0,100.0
S09770_L0218_E013,62.5,100.0
S09770_L0221_E013,62.5,100.0
S09776_L0200_E013,100.0,100.0
S09776_L0240_E013,100.0,100.0
S09777_L0243_E013,100.0,100.0
S09780_L0209_E013,100.0,100.0
S09790_L0216_E013,90.0,100.0
S09793_L0231_E013,100.0,100.0
S09803_L0201_E013,100.0,100.0
S09811_L0229_E013,100.0,100.0
S09812_L0242_E013,62.5,100.0
S09819_L0239_E013,71.4285714286,100.0
S09824_L0222_E013,100.0,100.0
S09827_L0224_E013,90.0,100.0
S09828_L0216_E013,100.0,100.0
S09830_L0201_E013,100.0,100.0
S09831_L0216_E013,100.0,100.0
S09833_L0229_E013,85.7142857143,100.0
S09844_L0231_E013,100.0,100.0
S09846_L0239_E013,57.1428571429,100.0
S09856_L0224_E013,100.0,77.77777777777777
S09857_L0227_E013,100.0,100.0
S09860_L0216_E013,100.0,100.0
S09862_L0219_E013,100.0,100.0
S09862_L0225_E013,100.0,100.0
S09865_L0216_E013,87.5,87.5
S09866_L0243_E013,87.5,87.5
S09870_L0229_E013,87.5,87.5
S09884_L0216_E013,100.0,100.0
S09892_L0216_E013,100.0,100.0
S09893_L0236_E013,100.0,100.0
S09894_L0236_E013,100.0,100.0
S09903_L0222_E013,77.7777777778,100.0
S09904_L0231_E013,50.0,90.0
S09907_L0219_E013,33.3333333333,77.77777777777777
S09907_L0225_E013,55.5555555556,77.77777777777777
S09908_L0217_E013,85.7142857143,100.0
S09913_L0200_E013,85.7142857143,100.0
S09919_L0240_E013,90.0,100.0
S09920_L0209_E013,100.0,100.0
S09922_L0227_E013,0.0,100.0
S09923_L0215_E013,100.0,100.0
S09928_L0229_E013,100.0,100.0
S09928_L0242_E013,100.0,100.0
S09935_L0209_E013,100.0,100.0
S09945_L0217_E013,100.0,100.0
S09951_L0206_E013,100.0,100.0
S09961_L0227_E013,0.0,100.0
S09964_L0242_E013,87.5,100.0
S09969_L0218_E013,50.0,100.0
S09969_L0221_E013,100.0,100.0
S09971_L0215_E013,100.0,100.0
S09977_L0216_E013,100.0,100.0
S08515_L0219_E019,100.0,100.0
S08515_L0225_E019,100.0,100.0
S08529_L0239_E019,85.7142857143,85.71428571428571
S08532_L0201_E019,100.0,100.0
S08537_L0201_E019,71.4285714286,100.0
S08540_L0200_E019,100.0,100.0
S08540_L0240_E019,100.0,100.0
S08555_L0239_E019,28.5714285714,100.0
S08558_L0212_E019,100.0,100.0
S08558_L0221_E019,100.0,100.0
S08561_L0217_E019,100.0,100.0
S08574_L0200_E019,100.0,100.0
S08574_L0240_E019,100.0,100.0
S08575_L0225_E019,90.0,100.0
S08575_L0231_E019,100.0,100.0
S08576_L0206_E019,100.0,100.0
S08578_L0222_E019,100.0,100.0
S08579_L0243_E019,85.7142857143,100.0
S08582_L0218_E019,100.0,100.0
S08590_L0222_E019,100.0,100.0
S08594_L0209_E019,100.0,100.0
S08600_L0212_E019,100.0,100.0
S08600_L0221_E019,100.0,100.0
S08606_L0219_E019,77.7777777778,100.0
S08613_L0216_E019,100.0,100.0
S08614_L0224_E019,90.0,100.0
S08625_L0216_E019,100.0,100.0
S08627_L0243_E019,100.0,88.88888888888889
S08628_L0229_E019,100.0,100.0
S08636_L0229_E019,100.0,100.0
S08636_L0242_E019,100.0,100.0
S08637_L0236_E019,100.0,100.0
S08644_L0243_E019,100.0,100.0
S08645_L0225_E019,100.0,77.77777777777777
S08645_L0231_E019,100.0,77.77777777777777
S08652_L0243_E019,100.0,100.0
S08653_L0209_E019,100.0,85.71428571428571
S08660_L0209_E019,100.0,100.0
S08682_L0215_E019,77.7777777778,100.0
S08683_L0219_E019,88.8888888889,100.0
S08685_L0225_E019,100.0,100.0
S08685_L0231_E019,100.0,100.0
S08686_L0217_E019,71.4285714286,71.42857142857143
S08689_L0217_E019,100.0,85.71428571428571
S08690_L0206_E019,100.0,100.0
S08690_L0212_E019,100.0,100.0
S08703_L0206_E019,87.5,100.0
S08707_L0218_E019,100.0,100.0
S08710_L0229_E019,85.7142857143,100.0
S08710_L0242_E019,42.8571428571,100.0
S08725_L0215_E019,70.0,100.0
S08727_L0222_E019,88.8888888889,88.88888888888889
S08732_L0231_E019,100.0,100.0
S08739_L0227_E019,100.0,100.0
S08742_L0206_E019,71.4285714286,100.0
S08743_L0236_E019,28.5714285714,100.0
S08750_L0236_E019,100.0,100.0
S08751_L0206_E019,90.0,100.0
S08752_L0217_E019,100.0,71.42857142857143
S08753_L0243_E019,100.0,100.0
S08759_L0239_E019,66.6666666667,100.0
S08767_L0200_E019,100.0,87.5
S08771_L0219_E019,100.0,100.0
S08771_L0225_E019,100.0,100.0
S08778_L0240_E019,100.0,100.0
S08779_L0240_E019,100.0,100.0
S08780_L0200_E019,100.0,100.0
S08780_L0240_E019,100.0,100.0
S08782_L0229_E019,100.0,100.0
S08785_L0222_E019,88.8888888889,88.88888888888889
S08790_L0225_E019,100.0,100.0
S08790_L0231_E019,100.0,100.0
S08791_L0231_E019,85.7142857143,100.0
S08793_L0215_E019,85.7142857143,100.0
S08794_L0239_E019,100.0,100.0
S08795_L0225_E019,100.0,100.0
S08795_L0231_E019,100.0,100.0
S08798_L0206_E019,100.0,100.0
S08800_L0229_E019,100.0,100.0
S08800_L0242_E019,100.0,100.0
S08807_L0222_E019,100.0,100.0
S08809_L0222_E019,66.6666666667,66.66666666666667
S08815_L0219_E019,100.0,100.0
S08815_L0225_E019,100.0,100.0
S08817_L0229_E019,100.0,100.0
S08817_L0242_E019,100.0,100.0
S08818_L0206_E019,100.0,100.0
S08818_L0212_E019,100.0,100.0
S08820_L0240_E019,50.0,100.0
S08836_L0201_E019,100.0,100.0
S08837_L0229_E019,90.0,100.0
S08837_L0242_E019,70.0,100.0
S08843_L0218_E019,85.7142857143,100.0
S08844_L0243_E019,100.0,100.0
S08853_L0243_E019,100.0,100.0
S08854_L0222_E019,70.0,100.0
S08862_L0215_E019,80.0,100.0
S08867_L0216_E019,71.4285714286,100.0
S08869_L0200_E019,100.0,100.0
S08883_L0216_E019,100.0,100.0
S08889_L0231_E019,100.0,100.0
S08890_L0239_E019,85.7142857143,85.71428571428571
S08891_L0216_E019,100.0,100.0
S08895_L0227_E019,55.5555555556,100.0
S08897_L0224_E019,100.0,100.0
S08899_L0224_E019,100.0,71.42857142857143
S08901_L0219_E019,100.0,100.0
S08903_L0236_E019,100.0,100.0
S08905_L0209_E019,100.0,100.0
S08911_L0229_E019,75.0,100.0
S08911_L0242_E019,100.0,100.0
S08916_L0227_E019,44.4444444444,100.0
S08922_L0227_E019,71.4285714286,100.0
S08923_L0227_E019,100.0,100.0
S08929_L0229_E019,100.0,100.0
S08929_L0242_E019,80.0,100.0
S08931_L0215_E019,80.0,100.0
S08935_L0239_E019,100.0,100.0
S08939_L0236_E019,100.0,100.0
S08949_L0209_E019,88.8888888889,100.0
S08950_L0209_E019,100.0,100.0
S08956_L0201_E019,100.0,100.0
S08961_L0242_E019,100.0,87.5
S08965_L0243_E019,100.0,100.0
S08969_L0218_E019,100.0,85.71428571428571
S08969_L0221_E019,100.0,85.71428571428571
S08971_L0222_E019,100.0,100.0
S08976_L0200_E019,100.0,100.0
S08977_L0229_E019,100.0,100.0
S08977_L0242_E019,100.0,100.0
S08979_L0200_E019,100.0,100.0
S08979_L0240_E019,90.0,100.0
S08980_L0201_E019,62.5,62.5
S08983_L0212_E019,90.0,100.0
S08983_L0221_E019,90.0,100.0
S08987_L0200_E019,100.0,100.0
S08993_L0231_E019,100.0,100.0
S08997_L0219_E019,62.5,50.0
S08997_L0225_E019,100.0,75.0
S08998_L0219_E019,85.7142857143,42.857142857142854
S09011_L0217_E019,90.0,100.0
S09018_L0218_E019,100.0,100.0
S09029_L0242_E019,87.5,87.5
S09030_L0229_E019,100.0,100.0
S09034_L0239_E019,62.5,100.0
S09040_L0209_E019,100.0,100.0
S09047_L0219_E019,87.5,100.0
S09049_L0236_E019,57.1428571429,100.0
S09061_L0229_E019,62.5,100.0
S09065_L0236_E019,100.0,100.0
S09069_L0215_E019,88.8888888889,100.0
S09073_L0231_E019,100.0,85.71428571428571
S09078_L0222_E019,100.0,100.0
S09080_L0239_E019,100.0,100.0
S09082_L0224_E019,100.0,100.0
S09086_L0236_E019,70.0,100.0
S09088_L0200_E019,100.0,100.0
S09088_L0240_E019,100.0,100.0
S09092_L0231_E019,100.0,100.0
S09094_L0217_E019,100.0,100.0
S09101_L0215_E019,100.0,90.0
S09111_L0206_E019,100.0,100.0
S09111_L0212_E019,100.0,100.0
S09128_L0225_E019,100.0,100.0
S09128_L0231_E019,100.0,100.0
S09136_L0222_E019,100.0,100.0
S09140_L0200_E019,90.0,100.0
S09140_L0240_E019,100.0,100.0
S09142_L0229_E019,100.0,100.0
S09144_L0222_E019,100.0,100.0
S09152_L0222_E019,71.4285714286,100.0
S09154_L0222_E019,90.0,100.0
S09155_L0200_E019,71.4285714286,100.0
S09156_L0227_E019,22.2222222222,100.0
S09158_L0224_E019,100.0,100.0
S09161_L0239_E019,100.0,100.0
S09164_L0217_E019,100.0,100.0
S09175_L0231_E019,100.0,100.0
S09178_L0219_E019,100.0,100.0
S09178_L0225_E019,100.0,100.0
S09181_L0243_E019,100.0,100.0
S09188_L0218_E019,100.0,100.0
S09193_L0239_E019,100.0,100.0
S09203_L0200_E019,87.5,100.0
S09205_L0224_E019,85.7142857143,100.0
S09209_L0209_E019,100.0,100.0
S09214_L0216_E019,100.0,100.0
S09227_L0218_E019,100.0,100.0
S09227_L0221_E019,100.0,100.0
S09228_L0243_E019,90.0,100.0
S09231_L0212_E019,100.0,100.0
S09231_L0221_E019,100.0,100.0
S09234_L0219_E019,100.0,100.0
S09234_L0225_E019,100.0,100.0
S09245_L0200_E019,87.5,100.0
S09245_L0240_E019,100.0,100.0
S09246_L0219_E019,100.0,100.0
S09255_L0215_E019,100.0,100.0
S09259_L0217_E019,85.7142857143,100.0
S09264_L0224_E019,100.0,100.0
S09265_L0229_E019,88.8888888889,100.0
S09271_L0200_E019,100.0,100.0
S09271_L0240_E019,100.0,100.0
S09274_L0224_E019,100.0,100.0
S09276_L0216_E019,100.0,100.0
S09277_L0229_E019,85.7142857143,100.0
S09277_L0242_E019,100.0,100.0
S09280_L0229_E019,87.5,100.0
S09280_L0242_E019,100.0,100.0
S09281_L0206_E019,85.7142857143,100.0
S09281_L0212_E019,100.0,100.0
S09282_L0217_E019,66.6666666667,100.0
S09288_L0239_E019,14.2857142857,100.0
S09297_L0206_E019,100.0,100.0
S09297_L0212_E019,100.0,100.0
S09298_L0200_E019,100.0,100.0
S09308_L0229_E019,100.0,100.0
S09314_L0239_E019,71.4285714286,71.42857142857143
S09315_L0216_E019,85.7142857143,100.0
S09317_L0231_E019,100.0,85.71428571428571
S09321_L0239_E019,100.0,100.0
S09325_L0218_E019,100.0,100.0
S09328_L0239_E019,100.0,100.0
S09329_L0242_E019,71.4285714286,100.0
S09332_L0242_E019,100.0,87.5
S09338_L0212_E019,100.0,100.0
S09338_L0221_E019,100.0,100.0
S09339_L0219_E019,87.5,100.0
S09342_L0229_E019,100.0,100.0
S09346_L0243_E019,100.0,100.0
S09350_L0201_E019,100.0,100.0
S09351_L0201_E019,100.0,100.0
S09352_L0201_E019,100.0,100.0
S09363_L0212_E019,100.0,100.0
S09363_L0221_E019,100.0,100.0
S09365_L0229_E019,100.0,90.0
S09366_L0218_E019,100.0,100.0
S09377_L0239_E019,75.0,87.5
S09378_L0219_E019,50.0,100.0
S09378_L0225_E019,90.0,100.0
S09386_L0209_E019,100.0,100.0
S09387_L0209_E019,80.0,100.0
S09396_L0239_E019,77.7777777778,100.0
S09397_L0200_E019,85.7142857143,85.71428571428571
S09406_L0236_E019,100.0,100.0
S09426_L0209_E019,100.0,100.0
S09429_L0219_E019,77.7777777778,100.0
S09429_L0225_E019,100.0,100.0
S09436_L0218_E019,100.0,100.0
S09436_L0221_E019,100.0,100.0
S09446_L0236_E019,100.0,100.0
S09450_L0209_E019,100.0,100.0
S09451_L0239_E019,87.5,100.0
S09455_L0236_E019,100.0,100.0
S09459_L0243_E019,100.0,88.88888888888889
S09460_L0218_E019,100.0,100.0
S09460_L0221_E019,100.0,100.0
S09474_L0201_E019,100.0,100.0
S09476_L0224_E019,100.0,100.0
S09480_L0242_E019,50.0,90.0
S09483_L0201_E019,90.0,100.0
S09485_L0231_E019,100.0,100.0
S09500_L0224_E019,100.0,100.0
S09502_L0201_E019,90.0,80.0
S09509_L0209_E019,100.0,100.0
S09510_L0236_E019,100.0,100.0
S09515_L0239_E019,100.0,100.0
S09519_L0243_E019,100.0,100.0
S09520_L0219_E019,100.0,100.0
S09520_L0225_E019,100.0,100.0
S09525_L0219_E019,100.0,100.0
S09529_L0224_E019,55.5555555556,100.0
S09540_L0243_E019,88.8888888889,100.0
S09542_L0216_E019,100.0,100.0
S09543_L0206_E019,100.0,100.0
S09543_L0212_E019,100.0,100.0
S09546_L0215_E019,40.0,100.0
S09553_L0225_E019,100.0,100.0
S09553_L0231_E019,100.0,100.0
S09554_L0217_E019,100.0,100.0
S09564_L0222_E019,87.5,100.0
S09569_L0212_E019,100.0,100.0
S09569_L0221_E019,100.0,100.0
S09571_L0200_E019,75.0,87.5
S09571_L0240_E019,62.5,100.0
S09573_L0206_E019,37.5,87.5
S09574_L0209_E019,100.0,100.0
S09577_L0217_E019,100.0,100.0
S09579_L0201_E019,100.0,100.0
S09580_L0209_E019,100.0,100.0
S09581_L0236_E019,100.0,100.0
S09586_L0217_E019,14.2857142857,100.0
S09587_L0201_E019,100.0,90.0
S09589_L0224_E019,100.0,85.71428571428571
S09593_L0218_E019,100.0,100.0
S09593_L0221_E019,100.0,100.0
S09596_L0222_E019,100.0,100.0
S09606_L0222_E019,100.0,100.0
S09613_L0209_E019,100.0,100.0
S09615_L0212_E019,100.0,100.0
S09615_L0221_E019,100.0,100.0
S09616_L0215_E019,62.5,100.0
S09620_L0201_E019,100.0,100.0
S09625_L0215_E019,100.0,100.0
S09626_L0229_E019,75.0,100.0
S09627_L0243_E019,100.0,100.0
S09628_L0200_E019,100.0,100.0
S09628_L0240_E019,100.0,100.0
S09634_L0225_E019,25.0,50.0
S09634_L0231_E019,50.0,25.0
S09637_L0201_E019,100.0,85.71428571428571
S09641_L0206_E019,100.0,100.0
S09641_L0212_E019,100.0,100.0
S09655_L0243_E019,100.0,100.0
S09662_L0219_E019,87.5,100.0
S09662_L0225_E019,100.0,100.0
S09666_L0239_E019,87.5,100.0
S09669_L0209_E019,100.0,66.66666666666667
S09673_L0231_E019,75.0,100.0
S09676_L0206_E019,100.0,100.0
S09677_L0227_E019,77.7777777778,100.0
S09678_L0217_E019,80.0,100.0
S09681_L0206_E019,100.0,100.0
S09681_L0212_E019,100.0,100.0
S09684_L0212_E019,100.0,100.0
S09684_L0221_E019,100.0,100.0
S09689_L0217_E019,90.0,100.0
S09704_L0215_E019,100.0,100.0
S09714_L0240_E019,100.0,100.0
S09715_L0243_E019,100.0,71.42857142857143
S09716_L0206_E019,90.0,100.0
S09716_L0212_E019,100.0,100.0
S09719_L0227_E019,87.5,87.5
S09733_L0219_E019,100.0,100.0
S09752_L0229_E019,71.4285714286,100.0
S09752_L0242_E019,57.1428571429,100.0
S09753_L0229_E019,60.0,90.0
S09754_L0227_E019,100.0,100.0
S09759_L0206_E019,12.5,75.0
S09765_L0206_E019,100.0,100.0
S09765_L0212_E019,100.0,100.0
S09767_L0242_E019,100.0,100.0
S09770_L0229_E019,37.5,75.0
S09770_L0242_E019,50.0,12.5
S09776_L0215_E019,88.8888888889,100.0
S09777_L0216_E019,100.0,85.71428571428571
S09790_L0218_E019,90.0,100.0
S09790_L0221_E019,90.0,100.0
S09803_L0236_E019,100.0,100.0
S09811_L0239_E019,62.5,100.0
S09812_L0222_E019,100.0,100.0
S09818_L0227_E019,50.0,100.0
S09824_L0240_E019,100.0,100.0
S09827_L0206_E019,60.0,100.0
S09828_L0218_E019,100.0,100.0
S09828_L0221_E019,100.0,100.0
S09830_L0236_E019,100.0,100.0
S09831_L0218_E019,100.0,100.0
S09831_L0221_E019,100.0,100.0
S09833_L0239_E019,100.0,85.71428571428571
S09837_L0243_E019,100.0,100.0
S09841_L0200_E019,85.7142857143,100.0
S09846_L0224_E019,71.4285714286,100.0
S09856_L0206_E019,100.0,77.77777777777777
S09856_L0212_E019,100.0,77.77777777777777
S09857_L0209_E019,100.0,100.0
S09860_L0218_E019,100.0,100.0
S09861_L0227_E019,100.0,100.0
S09865_L0218_E019,75.0,75.0
S09866_L0216_E019,87.5,87.5
S09870_L0239_E019,25.0,87.5
S09877_L0227_E019,62.5,100.0
S09884_L0218_E019,100.0,100.0
S09892_L0218_E019,85.7142857143,100.0
S09893_L0225_E019,100.0,100.0
S09893_L0231_E019,100.0,100.0
S09894_L0231_E019,100.0,100.0
S09899_L0212_E019,100.0,100.0
S09899_L0221_E019,100.0,100.0
S09900_L0200_E019,100.0,100.0
S09903_L0240_E019,100.0,100.0
S09908_L0219_E019,71.4285714286,100.0
S09911_L0227_E019,100.0,100.0
S09913_L0215_E019,85.7142857143,100.0
S09919_L0201_E019,100.0,100.0
S09920_L0224_E019,85.7142857143,100.0
S09922_L0209_E019,100.0,100.0
S09923_L0243_E019,100.0,100.0
S09928_L0239_E019,100.0,100.0
S09934_L0201_E019,88.8888888889,100.0
S09945_L0219_E019,85.7142857143,100.0
S09951_L0217_E019,75.0,100.0
S09952_L0243_E019,100.0,100.0
S09961_L0209_E019,100.0,85.71428571428571
S09964_L0222_E019,100.0,100.0
S09969_L0229_E019,100.0,100.0
S09969_L0242_E019,100.0,100.0
S09971_L0243_E019,100.0,100.0
S09972_L0200_E019,85.7142857143,100.0
S09977_L0218_E019,100.0,100.0
S09977_L0221_E019,100.0,100.0
S10000_L0227_E019,71.4285714286,100.0
S08508_L0229_E021,71.4285714286,100.0
S08508_L0242_E021,57.1428571429,100.0
S08510_L0243_E021,100.0,100.0
S08512_L0240_E021,100.0,100.0
S08515_L0216_E021,100.0,85.71428571428571
S08529_L0219_E021,85.7142857143,71.42857142857143
S08532_L0227_E021,71.4285714286,100.0
S08546_L0240_E021,87.5,100.0
S08555_L0219_E021,85.7142857143,100.0
S08555_L0225_E021,85.7142857143,100.0
S08558_L0201_E021,100.0,100.0
S08561_L0243_E021,100.0,100.0
S08566_L0200_E021,100.0,85.71428571428571
S08576_L0215_E021,100.0,100.0
S08578_L0231_E021,100.0,100.0
S08579_L0239_E021,100.0,100.0
S08582_L0206_E021,100.0,100.0
S08590_L0225_E021,100.0,100.0
S08590_L0231_E021,75.0,100.0
S08594_L0222_E021,100.0,100.0
S08600_L0201_E021,100.0,100.0
S08606_L0216_E021,88.8888888889,100.0
S08614_L0200_E021,80.0,100.0
S08616_L0243_E021,100.0,100.0
S08625_L0224_E021,100.0,100.0
S08627_L0239_E021,100.0,88.88888888888889
S08628_L0217_E021,100.0,100.0
S08637_L0209_E021,100.0,100.0
S08644_L0239_E021,100.0,100.0
S08651_L0206_E021,100.0,100.0
S08651_L0212_E021,100.0,100.0
S08652_L0239_E021,100.0,100.0
S08653_L0222_E021,85.7142857143,100.0
S08658_L0243_E021,100.0,100.0
S08660_L0222_E021,100.0,100.0
S08682_L0229_E021,77.7777777778,100.0
S08683_L0216_E021,100.0,100.0
S08686_L0243_E021,100.0,100.0
S08689_L0243_E021,100.0,100.0
S08690_L0215_E021,71.4285714286,100.0
S08702_L0212_E021,100.0,100.0
S08702_L0221_E021,100.0,100.0
S08703_L0215_E021,100.0,100.0
S08707_L0206_E021,75.0,100.0
S08713_L0240_E021,100.0,100.0
S08722_L0240_E021,100.0,100.0
S08723_L0218_E021,100.0,100.0
S08723_L0221_E021,100.0,100.0
S08725_L0227_E021,60.0,100.0
S08727_L0231_E021,100.0,88.88888888888889
S08732_L0224_E021,87.5,100.0
S08735_L0240_E021,100.0,100.0
S08739_L0242_E021,90.0,100.0
S08742_L0215_E021,100.0,100.0
S08743_L0209_E021,28.5714285714,71.42857142857143
S08750_L0209_E021,100.0,100.0
S08751_L0215_E021,90.0,100.0
S08752_L0236_E021,100.0,71.42857142857143
S08753_L0239_E021,100.0,100.0
S08759_L0219_E021,22.2222222222,100.0
S08759_L0225_E021,100.0,100.0
S08765_L0218_E021,100.0,100.0
S08765_L0221_E021,100.0,100.0
S08766_L0212_E021,100.0,100.0
S08766_L0221_E021,100.0,100.0
S08767_L0218_E021,100.0,87.5
S08771_L0216_E021,100.0,100.0
S08781_L0212_E021,100.0,100.0
S08781_L0221_E021,100.0,100.0
S08782_L0217_E021,100.0,100.0
S08785_L0231_E021,88.8888888889,88.88888888888889
S08791_L0224_E021,100.0,100.0
S08793_L0229_E021,100.0,100.0
S08794_L0219_E021,100.0,100.0
S08794_L0225_E021,100.0,100.0
S08798_L0215_E021,100.0,100.0
S08807_L0225_E021,100.0,100.0
S08807_L0231_E021,100.0,100.0
S08809_L0231_E021,88.8888888889,55.55555555555556
S08815_L0216_E021,100.0,100.0
S08816_L0206_E021,66.6666666667,77.77777777777777
S08816_L0212_E021,66.6666666667,77.77777777777777
S08818_L0215_E021,14.2857142857,100.0
S08836_L0227_E021,100.0,100.0
S08843_L0206_E021,85.7142857143,100.0
S08844_L0239_E021,71.4285714286,100.0
S08853_L0239_E021,100.0,100.0
S08854_L0225_E021,100.0,100.0
S08854_L0231_E021,90.0,100.0
S08862_L0227_E021,80.0,90.0
S08869_L0218_E021,100.0,100.0
S08875_L0243_E021,90.0,100.0
S08889_L0224_E021,100.0,100.0
S08890_L0219_E021,100.0,100.0
S08890_L0225_E021,100.0,85.71428571428571
S08895_L0242_E021,100.0,77.77777777777777
S08897_L0200_E021,100.0,100.0
S08897_L0240_E021,100.0,100.0
S08899_L0200_E021,100.0,100.0
S08899_L0240_E021,100.0,100.0
S08901_L0216_E021,100.0,100.0
S08903_L0209_E021,100.0,100.0
S08905_L0222_E021,90.0,100.0
S08916_L0217_E021,77.7777777778,100.0
S08922_L0217_E021,100.0,100.0
S08923_L0217_E021,100.0,100.0
S08928_L0229_E021,100.0,100.0
S08928_L0242_E021,100.0,100.0
S08931_L0227_E021,90.0,100.0
S08935_L0219_E021,100.0,100.0
S08935_L0225_E021,100.0,100.0
S08939_L0209_E021,100.0,100.0
S08943_L0212_E021,100.0,100.0
S08943_L0221_E021,100.0,100.0
S08949_L0222_E021,88.8888888889,100.0
S08950_L0222_E021,100.0,100.0
S08952_L0206_E021,87.5,100.0
S08952_L0212_E021,100.0,100.0
S08956_L0227_E021,100.0,100.0
S08961_L0236_E021,87.5,100.0
S08965_L0239_E021,100.0,100.0
S08969_L0201_E021,100.0,85.71428571428571
S08971_L0225_E021,100.0,100.0
S08971_L0231_E021,100.0,100.0
S08973_L0218_E021,88.8888888889,100.0
S08973_L0221_E021,100.0,100.0
S08976_L0218_E021,100.0,100.0
S08980_L0227_E021,37.5,87.5
S08983_L0201_E021,80.0,90.0
S08987_L0218_E021,100.0,100.0
S08993_L0224_E021,100.0,100.0
S08997_L0216_E021,75.0,50.0
S08998_L0216_E021,71.4285714286,71.42857142857143
S09000_L0240_E021,87.5,100.0
S09011_L0236_E021,100.0,100.0
S09018_L0206_E021,88.8888888889,66.66666666666667
S09029_L0236_E021,100.0,87.5
S09030_L0217_E021,100.0,100.0
S09034_L0219_E021,75.0,100.0
S09034_L0225_E021,87.5,100.0
S09040_L0222_E021,100.0,100.0
S09047_L0216_E021,100.0,100.0
S09049_L0209_E021,100.0,100.0
S09061_L0217_E021,100.0,100.0
S09065_L0209_E021,90.0,100.0
S09067_L0218_E021,90.0,100.0
S09067_L0221_E021,100.0,100.0
S09069_L0227_E021,100.0,100.0
S09071_L0206_E021,100.0,100.0
S09071_L0212_E021,87.5,100.0
S09073_L0224_E021,85.7142857143,85.71428571428571
S09078_L0225_E021,88.8888888889,100.0
S09078_L0231_E021,100.0,100.0
S09080_L0219_E021,40.0,100.0
S09082_L0200_E021,66.6666666667,100.0
S09082_L0240_E021,100.0,100.0
S09086_L0209_E021,100.0,100.0
S09092_L0224_E021,100.0,100.0
S09094_L0243_E021,100.0,100.0
S09101_L0227_E021,100.0,90.0
S09107_L0243_E021,100.0,100.0
S09111_L0215_E021,100.0,100.0
S09125_L0229_E021,100.0,87.5
S09125_L0242_E021,87.5,87.5
S09136_L0231_E021,100.0,100.0
S09142_L0217_E021,85.7142857143,100.0
S09144_L0231_E021,100.0,100.0
S09152_L0225_E021,57.1428571429,85.71428571428571
S09152_L0231_E021,100.0,85.71428571428571
S09154_L0231_E021,100.0,100.0
S09155_L0218_E021,100.0,100.0
S09156_L0242_E021,100.0,100.0
S09158_L0200_E021,90.0,100.0
S09161_L0219_E021,100.0,100.0
S09161_L0225_E021,100.0,100.0
S09164_L0243_E021,100.0,100.0
S09175_L0224_E021,100.0,100.0
S09178_L0216_E021,85.7142857143,100.0
S09181_L0239_E021,40.0,100.0
S09188_L0206_E021,100.0,100.0
S09193_L0219_E021,100.0,100.0
S09193_L0225_E021,100.0,100.0
S09196_L0206_E021,88.8888888889,100.0
S09196_L0212_E021,88.8888888889,100.0
S09199_L0243_E021,100.0,100.0
S09203_L0218_E021,87.5,100.0
S09205_L0200_E021,100.0,100.0
S09205_L0240_E021,100.0,100.0
S09208_L0243_E021,100.0,100.0
S09214_L0224_E021,100.0,100.0
S09227_L0201_E021,100.0,100.0
S09228_L0239_E021,90.0,100.0
S09231_L0201_E021,100.0,100.0
S09234_L0216_E021,100.0,100.0
S09246_L0216_E021,100.0,100.0
S09248_L0212_E021,100.0,100.0
S09248_L0221_E021,100.0,100.0
S09255_L0229_E021,100.0,100.0
S09259_L0236_E021,100.0,100.0
S09261_L0218_E021,100.0,100.0
S09261_L0221_E021,100.0,100.0
S09262_L0240_E021,100.0,100.0
S09264_L0200_E021,100.0,100.0
S09264_L0240_E021,100.0,100.0
S09265_L0217_E021,88.8888888889,100.0
S09274_L0200_E021,100.0,100.0
S09274_L0240_E021,100.0,100.0
S09276_L0224_E021,100.0,100.0
S09281_L0215_E021,71.4285714286,100.0
S09282_L0236_E021,100.0,100.0
S09288_L0219_E021,28.5714285714,100.0
S09297_L0215_E021,25.0,100.0
S09298_L0218_E021,100.0,100.0
S09306_L0240_E021,100.0,100.0
S09308_L0217_E021,100.0,100.0
S09314_L0219_E021,100.0,100.0
S09317_L0224_E021,57.1428571429,85.71428571428571
S09321_L0219_E021,100.0,100.0
S09321_L0225_E021,100.0,100.0
S09325_L0206_E021,100.0,100.0
S09328_L0219_E021,100.0,100.0
S09328_L0225_E021,100.0,100.0
S09329_L0236_E021,100.0,100.0
S09332_L0236_E021,87.5,100.0
S09338_L0201_E021,100.0,100.0
S09339_L0216_E021,100.0,100.0
S09341_L0243_E021,100.0,100.0
S09342_L0217_E021,40.0,80.0
S09343_L0229_E021,85.7142857143,85.71428571428571
S09343_L0242_E021,100.0,85.71428571428571
S09345_L0206_E021,100.0,100.0
S09345_L0212_E021,100.0,100.0
S09346_L0239_E021,100.0,71.42857142857143
S09362_L0229_E021,100.0,100.0
S09362_L0242_E021,71.4285714286,100.0
S09363_L0201_E021,100.0,100.0
S09365_L0217_E021,90.0,90.0
S09366_L0206_E021,100.0,100.0
S09377_L0219_E021,75.0,100.0
S09377_L0225_E021,100.0,100.0
S09378_L0216_E021,80.0,100.0
S09380_L0243_E021,57.1428571429,100.0
S09386_L0222_E021,100.0,100.0
S09387_L0222_E021,80.0,100.0
S09396_L0219_E021,88.8888888889,100.0
S09397_L0218_E021,85.7142857143,85.71428571428571
S09398_L0243_E021,100.0,100.0
S09402_L0212_E021,100.0,100.0
S09402_L0221_E021,100.0,100.0
S09406_L0209_E021,100.0,100.0
S09426_L0222_E021,100.0,100.0
S09429_L0216_E021,88.8888888889,100.0
S09436_L0201_E021,87.5,100.0
S09446_L0209_E021,85.7142857143,100.0
S09448_L0229_E021,90.0,90.0
S09448_L0242_E021,90.0,90.0
S09450_L0222_E021,88.8888888889,100.0
S09451_L0219_E021,87.5,100.0
S09452_L0212_E021,100.0,100.0
S09452_L0221_E021,100.0,100.0
S09455_L0209_E021,100.0,100.0
S09459_L0239_E021,66.6666666667,66.66666666666667
S09460_L0201_E021,100.0,100.0
S09463_L0240_E021,100.0,100.0
S09470_L0243_E021,77.7777777778,100.0
S09476_L0200_E021,88.8888888889,100.0
S09476_L0240_E021,100.0,100.0
S09480_L0236_E021,90.0,100.0
S09485_L0224_E021,87.5,100.0
S09500_L0200_E021,100.0,100.0
S09502_L0227_E021,100.0,100.0
S09509_L0222_E021,87.5,100.0
S09510_L0209_E021,100.0,100.0
S09515_L0219_E021,100.0,100.0
S09515_L0225_E021,100.0,100.0
S09519_L0239_E021,88.8888888889,100.0
S09520_L0216_E021,100.0,100.0
S09525_L0216_E021,100.0,100.0
S09529_L0200_E021,100.0,100.0
S09532_L0209_E021,100.0,100.0
S09533_L0206_E021,71.4285714286,100.0
S09533_L0212_E021,100.0,100.0
S09540_L0239_E021,66.6666666667,100.0
S09543_L0215_E021,85.7142857143,100.0
S09546_L0229_E021,90.0,100.0
S09554_L0243_E021,100.0,100.0
S09564_L0231_E021,100.0,100.0
S09569_L0201_E021,100.0,100.0
S09573_L0215_E021,100.0,100.0
S09574_L0222_E021,100.0,100.0
S09577_L0243_E021,87.5,100.0
S09580_L0222_E021,100.0,100.0
S09581_L0209_E021,100.0,100.0
S09586_L0243_E021,100.0,100.0
S09589_L0200_E021,100.0,100.0
S09593_L0201_E021,100.0,100.0
S09596_L0231_E021,100.0,100.0
S09606_L0231_E021,100.0,100.0
S09613_L0222_E021,100.0,100.0
S09615_L0201_E021,100.0,100.0
S09616_L0229_E021,87.5,100.0
S09620_L0227_E021,57.1428571429,100.0
S09621_L0229_E021,100.0,100.0
S09621_L0242_E021,100.0,100.0
S09625_L0227_E021,62.5,100.0
S09626_L0217_E021,87.5,62.5
S09627_L0239_E021,87.5,100.0
S09637_L0227_E021,85.7142857143,85.71428571428571
S09641_L0215_E021,100.0,100.0
S09646_L0212_E021,87.5,100.0
S09646_L0221_E021,100.0,100.0
S09649_L0212_E021,100.0,100.0
S09649_L0221_E021,100.0,100.0
S09655_L0239_E021,100.0,100.0
S09662_L0216_E021,100.0,100.0
S09666_L0219_E021,87.5,100.0
S09669_L0222_E021,100.0,100.0
S09670_L0218_E021,100.0,100.0
S09670_L0221_E021,100.0,100.0
S09673_L0224_E021,100.0,100.0
S09676_L0215_E021,100.0,100.0
S09677_L0242_E021,100.0,100.0
S09678_L0236_E021,50.0,100.0
S09681_L0215_E021,100.0,100.0
S09684_L0201_E021,90.0,100.0
S09689_L0236_E021,100.0,100.0
S09704_L0229_E021,100.0,100.0
S09707_L0218_E021,100.0,100.0
S09707_L0221_E021,100.0,100.0
S09715_L0239_E021,85.7142857143,71.42857142857143
S09716_L0215_E021,100.0,100.0
S09717_L0240_E021,100.0,100.0
S09719_L0217_E021,87.5,100.0
S09733_L0216_E021,88.8888888889,88.88888888888889
S09740_L0218_E021,100.0,100.0
S09740_L0221_E021,100.0,100.0
S09753_L0217_E021,50.0,90.0
S09754_L0217_E021,100.0,85.71428571428571
S09759_L0215_E021,25.0,100.0
S09765_L0215_E021,85.7142857143,100.0
S09767_L0236_E021,100.0,100.0
S09776_L0227_E021,88.8888888889,100.0
S09780_L0240_E021,100.0,100.0
S09790_L0201_E021,80.0,100.0
S09793_L0206_E021,100.0,100.0
S09793_L0212_E021,100.0,100.0
S09803_L0209_E021,100.0,100.0
S09811_L0219_E021,100.0,100.0
S09812_L0225_E021,75.0,100.0
S09812_L0231_E021,75.0,100.0
S09818_L0217_E021,75.0,100.0
S09827_L0215_E021,80.0,100.0
S09828_L0201_E021,100.0,100.0
S09830_L0209_E021,100.0,100.0
S09831_L0201_E021,100.0,100.0
S09833_L0219_E021,100.0,85.71428571428571
S09837_L0239_E021,100.0,100.0
S09841_L0218_E021,100.0,100.0
S09844_L0206_E021,88.8888888889,100.0
S09844_L0212_E021,100.0,100.0
S09846_L0200_E021,100.0,100.0
S09856_L0215_E021,100.0,100.0
S09860_L0206_E021,100.0,100.0
S09861_L0242_E021,100.0,100.0
S09862_L0218_E021,100.0,100.0
S09862_L0221_E021,100.0,100.0
S09865_L0206_E021,75.0,87.5
S09866_L0224_E021,75.0,87.5
S09870_L0219_E021,25.0,87.5
S09877_L0242_E021,100.0,87.5
S09884_L0206_E021,100.0,100.0
S09892_L0206_E021,100.0,100.0
S09894_L0224_E021,100.0,100.0
S09899_L0201_E021,100.0,100.0
S09900_L0218_E021,100.0,100.0
S09904_L0206_E021,70.0,90.0
S09904_L0212_E021,80.0,90.0
S09907_L0218_E021,77.7777777778,77.77777777777777
S09907_L0221_E021,77.7777777778,77.77777777777777
S09908_L0216_E021,42.8571428571,100.0
S09911_L0242_E021,100.0,100.0
S09913_L0229_E021,100.0,100.0
S09915_L0229_E021,87.5,100.0
S09915_L0242_E021,100.0,87.5
S09919_L0227_E021,50.0,100.0
S09920_L0200_E021,100.0,100.0
S09920_L0240_E021,100.0,100.0
S09922_L0222_E021,100.0,100.0
S09923_L0239_E021,85.7142857143,100.0
S09928_L0219_E021,100.0,100.0
S09928_L0225_E021,100.0,100.0
S09935_L0240_E021,88.8888888889,100.0
S09945_L0216_E021,100.0,100.0
S09951_L0243_E021,100.0,100.0
S09952_L0239_E021,100.0,100.0
S09961_L0222_E021,85.7142857143,100.0
S09964_L0225_E021,100.0,100.0
S09964_L0231_E021,100.0,100.0
S09971_L0239_E021,12.5,100.0
S09972_L0218_E021,85.7142857143,100.0
S09977_L0201_E021,100.0,100.0
S10000_L0217_E021,71.4285714286,100.0
S08508_L0201_E018,57.1428571429,100.0
S08510_L0229_E018,70.0,100.0
S08510_L0242_E018,0.0,100.0
S08512_L0225_E018,87.5,50.0
S08512_L0231_E018,100.0,50.0
S08515_L0239_E018,42.8571428571,85.71428571428571
S08529_L0243_E018,85.7142857143,100.0
S08532_L0212_E018,71.4285714286,71.42857142857143
S08532_L0221_E018,100.0,71.42857142857143
S08537_L0218_E018,14.2857142857,42.857142857142854
S08537_L0221_E018,57.1428571429,42.857142857142854
S08540_L0224_E018,33.3333333333,66.66666666666667
S08546_L0225_E018,100.0,87.5
S08546_L0231_E018,100.0,75.0
S08554_L0216_E018,100.0,100.0
S08555_L0243_E018,57.1428571429,100.0
S08561_L0229_E018,57.1428571429,85.71428571428571
S08566_L0216_E018,0.0,28.571428571428573
S08574_L0224_E018,100.0,100.0
S08575_L0222_E018,0.0,100.0
S08576_L0218_E018,100.0,100.0
S08578_L0209_E018,100.0,100.0
S08582_L0200_E018,100.0,100.0
S08590_L0209_E018,50.0,75.0
S08594_L0236_E018,80.0,80.0
S08606_L0239_E018,77.7777777778,100.0
S08613_L0219_E018,14.2857142857,14.285714285714286
S08613_L0225_E018,57.1428571429,14.285714285714286
S08614_L0216_E018,80.0,100.0
S08616_L0229_E018,0.0,14.285714285714286
S08616_L0242_E018,0.0,14.285714285714286
S08625_L0219_E018,100.0,100.0
S08627_L0217_E018,88.8888888889,100.0
S08628_L0215_E018,100.0,100.0
S08637_L0217_E018,100.0,100.0
S08645_L0222_E018,100.0,88.88888888888889
S08651_L0200_E018,90.0,100.0
S08651_L0240_E018,100.0,100.0
S08652_L0217_E018,100.0,100.0
S08653_L0236_E018,100.0,100.0
S08658_L0229_E018,42.8571428571,100.0
S08658_L0242_E018,14.2857142857,100.0
S08660_L0236_E018,75.0,87.5
S08682_L0206_E018,66.6666666667,100.0
S08683_L0239_E018,55.5555555556,100.0
S08685_L0222_E018,0.0,42.857142857142854
S08686_L0229_E018,42.8571428571,42.857142857142854
S08689_L0229_E018,100.0,100.0
S08702_L0240_E018,100.0,100.0
S08703_L0218_E018,100.0,62.5
S08707_L0200_E018,37.5,100.0
S08713_L0225_E018,71.4285714286,42.857142857142854
S08713_L0231_E018,85.7142857143,28.571428571428573
S08722_L0225_E018,100.0,100.0
S08722_L0231_E018,100.0,100.0
S08725_L0206_E018,90.0,100.0
S08725_L0212_E018,80.0,100.0
S08727_L0209_E018,100.0,100.0
S08732_L0222_E018,75.0,100.0
S08735_L0225_E018,0.0,0.0
S08735_L0231_E018,12.5,0.0
S08739_L0201_E018,60.0,100.0
S08742_L0218_E018,14.2857142857,100.0
S08743_L0217_E018,100.0,28.571428571428573
S08745_L0216_E018,85.7142857143,100.0
S08750_L0217_E018,0.0,85.71428571428571
S08751_L0218_E018,30.0,90.0
S08752_L0227_E018,28.5714285714,71.42857142857143
S08759_L0243_E018,0.0,55.55555555555556
S08766_L0240_E018,87.5,87.5
S08767_L0224_E018,0.0,87.5
S08771_L0239_E018,77.7777777778,100.0
S08780_L0224_E018,100.0,100.0
S08781_L0240_E018,62.5,87.5
S08782_L0215_E018,71.4285714286,100.0
S08785_L0209_E018,77.7777777778,66.66666666666667
S08790_L0222_E018,90.0,90.0
S08791_L0222_E018,71.4285714286,100.0
S08793_L0206_E018,100.0,100.0
S08794_L0243_E018,100.0,100.0
S08795_L0222_E018,70.0,100.0
S08798_L0218_E018,14.2857142857,85.71428571428571
S08807_L0209_E018,40.0,100.0
S08809_L0209_E018,66.6666666667,77.77777777777777
S08815_L0239_E018,100.0,100.0
S08816_L0200_E018,55.5555555556,55.55555555555556
S08816_L0240_E018,55.5555555556,55.55555555555556
S08836_L0212_E018,100.0,100.0
S08836_L0221_E018,100.0,100.0
S08843_L0200_E018,0.0,71.42857142857143
S08853_L0217_E018,100.0,100.0
S08854_L0209_E018,60.0,70.0
S08862_L0206_E018,40.0,80.0
S08862_L0212_E018,0.0,80.0
S08867_L0219_E018,0.0,71.42857142857143
S08867_L0225_E018,42.8571428571,71.42857142857143
S08869_L0224_E018,66.6666666667,100.0
S08875_L0229_E018,20.0,100.0
S08875_L0242_E018,30.0,100.0
S08883_L0219_E018,100.0,100.0
S08883_L0225_E018,100.0,100.0
S08887_L0216_E018,0.0,55.55555555555556
S08889_L0222_E018,85.7142857143,100.0
S08890_L0243_E018,14.2857142857,42.857142857142854
S08891_L0219_E018,87.5,87.5
S08891_L0225_E018,87.5,100.0
S08895_L0201_E018,0.0,0.0
S08897_L0231_E018,100.0,90.0
S08899_L0231_E018,100.0,100.0
S08901_L0239_E018,100.0,100.0
S08903_L0217_E018,12.5,50.0
S08905_L0236_E018,90.0,100.0
S08916_L0215_E018,22.2222222222,88.88888888888889
S08922_L0215_E018,57.1428571429,85.71428571428571
S08923_L0215_E018,55.5555555556,100.0
S08928_L0201_E018,100.0,87.5
S08931_L0206_E018,90.0,90.0
S08931_L0212_E018,60.0,80.0
S08935_L0243_E018,85.7142857143,100.0
S08939_L0242_E018,100.0,100.0
S08943_L0240_E018,50.0,12.5
S08949_L0236_E018,88.8888888889,100.0
S08950_L0236_E018,100.0,100.0
S08952_L0200_E018,87.5,100.0
S08952_L0240_E018,75.0,100.0
S08956_L0212_E018,62.5,87.5
S08956_L0221_E018,100.0,87.5
S08959_L0216_E018,0.0,71.42857142857143
S08961_L0227_E018,12.5,100.0
S08971_L0209_E018,100.0,57.142857142857146
S08976_L0224_E018,42.8571428571,100.0
S08979_L0224_E018,100.0,100.0
S08980_L0212_E018,62.5,62.5
S08980_L0221_E018,75.0,62.5
S08987_L0224_E018,100.0,100.0
S08993_L0222_E018,0.0,28.571428571428573
S08997_L0239_E018,25.0,62.5
S08998_L0239_E018,14.2857142857,14.285714285714286
S09000_L0225_E018,100.0,100.0
S09000_L0231_E018,100.0,100.0
S09011_L0227_E018,20.0,100.0
S09018_L0200_E018,100.0,100.0
S09029_L0227_E018,25.0,37.5
S09030_L0215_E018,0.0,70.0
S09034_L0243_E018,0.0,50.0
S09040_L0236_E018,66.6666666667,44.44444444444444
S09047_L0239_E018,25.0,87.5
S09049_L0242_E018,42.8571428571,71.42857142857143
S09061_L0215_E018,75.0,100.0
S09065_L0242_E018,40.0,90.0
S09069_L0206_E018,100.0,88.88888888888889
S09069_L0212_E018,100.0,88.88888888888889
S09071_L0200_E018,87.5,100.0
S09071_L0240_E018,25.0,100.0
S09073_L0222_E018,100.0,100.0
S09078_L0209_E018,66.6666666667,77.77777777777777
S09080_L0243_E018,100.0,70.0
S09082_L0231_E018,77.7777777778,100.0
S09086_L0217_E018,20.0,0.0
S09088_L0224_E018,37.5,100.0
S09092_L0222_E018,44.4444444444,100.0
S09094_L0229_E018,100.0,87.5
S09101_L0206_E018,100.0,100.0
S09101_L0212_E018,100.0,100.0
S09107_L0229_E018,44.4444444444,0.0
S09107_L0242_E018,0.0,0.0
S09125_L0201_E018,87.5,100.0
S09128_L0222_E018,40.0,100.0
S09136_L0209_E018,100.0,100.0
S09140_L0224_E018,100.0,100.0
S09142_L0215_E018,100.0,100.0
S09144_L0209_E018,100.0,100.0
S09152_L0209_E018,71.4285714286,42.857142857142854
S09154_L0209_E018,70.0,40.0
S09155_L0224_E018,85.7142857143,100.0
S09156_L0201_E018,100.0,100.0
S09158_L0216_E018,60.0,100.0
S09161_L0243_E018,42.8571428571,85.71428571428571
S09164_L0229_E018,12.5,100.0
S09175_L0222_E018,87.5,100.0
S09178_L0239_E018,85.7142857143,100.0
S09188_L0200_E018,0.0,100.0
S09193_L0243_E018,28.5714285714,85.71428571428571
S09196_L0200_E018,22.2222222222,66.66666666666667
S09196_L0240_E018,55.5555555556,88.88888888888889
S09199_L0229_E018,85.7142857143,100.0
S09199_L0242_E018,85.7142857143,100.0
S09203_L0224_E018,87.5,62.5
S09205_L0231_E018,85.7142857143,57.142857142857146
S09208_L0229_E018,100.0,100.0
S09208_L0242_E018,100.0,100.0
S09209_L0236_E018,55.5555555556,100.0
S09214_L0219_E018,100.0,100.0
S09228_L0217_E018,80.0,100.0
S09234_L0239_E018,28.5714285714,100.0
S09245_L0224_E018,100.0,62.5
S09246_L0239_E018,0.0,80.0
S09248_L0240_E018,100.0,100.0
S09255_L0206_E018,0.0,87.5
S09259_L0227_E018,71.4285714286,100.0
S09262_L0225_E018,75.0,62.5
S09262_L0231_E018,87.5,62.5
S09264_L0231_E018,100.0,100.0
S09265_L0215_E018,77.7777777778,77.77777777777777
S09270_L0216_E018,100.0,100.0
S09271_L0224_E018,100.0,100.0
S09274_L0231_E018,66.6666666667,66.66666666666667
S09276_L0219_E018,100.0,100.0
S09282_L0227_E018,22.2222222222,100.0
S09288_L0243_E018,28.5714285714,100.0
S09298_L0224_E018,85.7142857143,100.0
S09306_L0225_E018,50.0,100.0
S09306_L0231_E018,37.5,100.0
S09308_L0215_E018,100.0,90.0
S09314_L0243_E018,42.8571428571,85.71428571428571
S09315_L0219_E018,0.0,71.42857142857143
S09315_L0225_E018,57.1428571429,71.42857142857143
S09317_L0222_E018,0.0,57.142857142857146
S09321_L0243_E018,87.5,100.0
S09325_L0200_E018,22.2222222222,33.333333333333336
S09328_L0243_E018,100.0,100.0
S09329_L0227_E018,14.2857142857,100.0
S09339_L0239_E018,37.5,75.0
S09341_L0229_E018,10.0,60.0
S09341_L0242_E018,10.0,20.0
S09342_L0215_E018,0.0,0.0
S09343_L0201_E018,0.0,28.571428571428573
S09345_L0200_E018,62.5,75.0
S09345_L0240_E018,75.0,75.0
S09346_L0217_E018,100.0,100.0
S09350_L0218_E018,77.7777777778,88.88888888888889
S09350_L0221_E018,100.0,88.88888888888889
S09351_L0218_E018,50.0,50.0
S09351_L0221_E018,62.5,50.0
S09352_L0218_E018,100.0,100.0
S09352_L0221_E018,100.0,100.0
S09362_L0201_E018,85.7142857143,100.0
S09365_L0215_E018,10.0,70.0
S09366_L0200_E018,0.0,80.0
S09377_L0243_E018,0.0,87.5
S09378_L0239_E018,0.0,0.0
S09380_L0229_E018,0.0,14.285714285714286
S09380_L0242_E018,0.0,14.285714285714286
S09382_L0216_E018,71.4285714286,71.42857142857143
S09386_L0236_E018,85.7142857143,100.0
S09387_L0236_E018,30.0,90.0
S09396_L0243_E018,88.8888888889,88.88888888888889
S09397_L0224_E018,100.0,85.71428571428571
S09398_L0229_E018,0.0,14.285714285714286
S09398_L0242_E018,0.0,14.285714285714286
S09402_L0240_E018,60.0,100.0
S09406_L0217_E018,71.4285714286,0.0
S09426_L0236_E018,37.5,50.0
S09429_L0239_E018,0.0,77.77777777777777
S09438_L0216_E018,66.6666666667,88.88888888888889
S09446_L0242_E018,71.4285714286,100.0
S09448_L0201_E018,90.0,100.0
S09450_L0236_E018,55.5555555556,88.88888888888889
S09451_L0243_E018,0.0,50.0
S09452_L0240_E018,100.0,100.0
S09455_L0217_E018,12.5,75.0
S09459_L0217_E018,22.2222222222,88.88888888888889
S09463_L0225_E018,77.7777777778,55.55555555555556
S09463_L0231_E018,100.0,77.77777777777777
S09470_L0229_E018,33.3333333333,55.55555555555556
S09470_L0242_E018,55.5555555556,55.55555555555556
S09474_L0218_E018,100.0,100.0
S09474_L0221_E018,100.0,100.0
S09476_L0231_E018,88.8888888889,100.0
S09480_L0227_E018,0.0,40.0
S09483_L0218_E018,30.0,100.0
S09483_L0221_E018,40.0,100.0
S09485_L0222_E018,25.0,100.0
S09488_L0216_E018,100.0,100.0
S09500_L0216_E018,100.0,100.0
S09502_L0212_E018,30.0,90.0
S09502_L0221_E018,30.0,90.0
S09509_L0236_E018,50.0,100.0
S09510_L0242_E018,28.5714285714,100.0
S09515_L0243_E018,100.0,100.0
S09520_L0239_E018,100.0,87.5
S09525_L0239_E018,33.3333333333,88.88888888888889
S09529_L0216_E018,33.3333333333,88.88888888888889
S09532_L0242_E018,44.4444444444,88.88888888888889
S09533_L0240_E018,100.0,100.0
S09540_L0217_E018,55.5555555556,100.0
S09542_L0219_E018,100.0,71.42857142857143
S09542_L0225_E018,100.0,71.42857142857143
S09546_L0206_E018,0.0,30.0
S09553_L0222_E018,0.0,90.0
S09554_L0229_E018,100.0,100.0
S09564_L0209_E018,75.0,50.0
S09571_L0224_E018,75.0,100.0
S09573_L0218_E018,12.5,37.5
S09574_L0236_E018,100.0,100.0
S09577_L0229_E018,50.0,87.5
S09579_L0218_E018,100.0,100.0
S09579_L0221_E018,71.4285714286,71.42857142857143
S09580_L0236_E018,0.0,87.5
S09581_L0242_E018,71.4285714286,85.71428571428571
S09586_L0229_E018,100.0,57.142857142857146
S09587_L0218_E018,100.0,80.0
S09587_L0221_E018,100.0,80.0
S09589_L0216_E018,100.0,71.42857142857143
S09596_L0209_E018,71.4285714286,100.0
S09606_L0209_E018,44.4444444444,0.0
S09613_L0236_E018,80.0,80.0
S09616_L0206_E018,100.0,100.0
S09620_L0212_E018,71.4285714286,42.857142857142854
S09620_L0221_E018,71.4285714286,71.42857142857143
S09621_L0201_E018,100.0,100.0
S09625_L0206_E018,62.5,62.5
S09625_L0212_E018,87.5,62.5
S09626_L0215_E018,12.5,37.5
S09627_L0217_E018,62.5,100.0
S09628_L0224_E018,100.0,100.0
S09634_L0222_E018,25.0,0.0
S09637_L0212_E018,100.0,57.142857142857146
S09637_L0221_E018,100.0,57.142857142857146
S09646_L0240_E018,50.0,100.0
S09649_L0240_E018,100.0,100.0
S09662_L0239_E018,87.5,100.0
S09666_L0243_E018,100.0,100.0
S09669_L0236_E018,44.4444444444,100.0
S09673_L0222_E018,50.0,87.5
S09676_L0218_E018,100.0,100.0
S09677_L0201_E018,100.0,66.66666666666667
S09678_L0227_E018,10.0,70.0
S09689_L0227_E018,20.0,100.0
S09704_L0206_E018,100.0,100.0
S09717_L0225_E018,100.0,87.5
S09717_L0231_E018,100.0,87.5
S09719_L0215_E018,62.5,100.0
S09733_L0239_E018,88.8888888889,100.0
S09753_L0215_E018,0.0,20.0
S09754_L0215_E018,71.4285714286,100.0
S09759_L0218_E018,12.5,37.5
S09767_L0227_E018,44.4444444444,100.0
S09776_L0206_E018,88.8888888889,100.0
S09776_L0212_E018,88.8888888889,100.0
S09777_L0219_E018,28.5714285714,100.0
S09777_L0225_E018,85.7142857143,100.0
S09780_L0225_E018,100.0,100.0
S09780_L0231_E018,85.7142857143,100.0
S09793_L0200_E018,0.0,14.285714285714286
S09793_L0240_E018,14.2857142857,14.285714285714286
S09803_L0242_E018,0.0,100.0
S09811_L0243_E018,37.5,87.5
S09812_L0209_E018,12.5,87.5
S09818_L0215_E018,12.5,100.0
S09819_L0216_E018,28.5714285714,100.0
S09827_L0218_E018,80.0,100.0
S09830_L0242_E018,10.0,40.0
S09833_L0243_E018,0.0,14.285714285714286
S09841_L0224_E018,0.0,85.71428571428571
S09844_L0200_E018,100.0,88.88888888888889
S09844_L0240_E018,88.8888888889,88.88888888888889
S09846_L0216_E018,0.0,71.42857142857143
S09857_L0236_E018,90.0,100.0
S09860_L0200_E018,14.2857142857,71.42857142857143
S09861_L0201_E018,42.8571428571,71.42857142857143
S09865_L0200_E018,0.0,50.0
S09866_L0219_E018,100.0,87.5
S09870_L0243_E018,25.0,62.5
S09877_L0201_E018,50.0,50.0
S09884_L0200_E018,100.0,100.0
S09892_L0200_E018,85.7142857143,100.0
S09893_L0222_E018,100.0,100.0
S09894_L0222_E018,87.5,100.0
S09900_L0224_E018,0.0,0.0
S09904_L0200_E018,30.0,80.0
S09904_L0240_E018,50.0,80.0
S09908_L0239_E018,0.0,42.857142857142854
S09911_L0201_E018,100.0,100.0
S09913_L0206_E018,100.0,100.0
S09915_L0201_E018,12.5,75.0
S09919_L0212_E018,0.0,60.0
S09919_L0221_E018,100.0,80.0
S09920_L0231_E018,100.0,85.71428571428571
S09922_L0236_E018,11.1111111111,33.333333333333336
S09923_L0217_E018,100.0,100.0
S09928_L0243_E018,90.0,100.0
S09934_L0218_E018,44.4444444444,88.88888888888889
S09934_L0221_E018,44.4444444444,88.88888888888889
S09935_L0225_E018,44.4444444444,66.66666666666667
S09935_L0231_E018,88.8888888889,77.77777777777777
S09945_L0239_E018,0.0,71.42857142857143
S09951_L0229_E018,0.0,12.5
S09961_L0236_E018,100.0,100.0
S09964_L0209_E018,100.0,87.5
S09971_L0217_E018,0.0,100.0
S09972_L0224_E018,28.5714285714,100.0
S10000_L0215_E018,71.4285714286,71.42857142857143
S08512_L0220_E001,37.5,12.5
S08546_L0220_E001,50.0,50.0
S08555_L0202_E001,42.8571428571,100.0
S08558_L0241_E001,0.0,80.0
S08561_L0208_E001,100.0,71.42857142857143
S08576_L0235_E001,100.0,87.5
S08590_L0202_E001,0.0,0.0
S08600_L0241_E001,57.1428571429,85.71428571428571
S08613_L0220_E001,57.1428571429,71.42857142857143
S08686_L0208_E001,28.5714285714,0.0
S08689_L0208_E001,28.5714285714,85.71428571428571
S08690_L0235_E001,100.0,100.0
S08703_L0235_E001,50.0,75.0
S08713_L0220_E001,0.0,0.0
S08722_L0220_E001,87.5,50.0
S08735_L0220_E001,0.0,0.0
S08742_L0235_E001,42.8571428571,85.71428571428571
S08751_L0235_E001,0.0,0.0
S08752_L0208_E001,57.1428571429,42.857142857142854
S08759_L0202_E001,0.0,0.0
S08798_L0235_E001,0.0,0.0
S08818_L0235_E001,100.0,100.0
S08854_L0202_E001,0.0,0.0
S08867_L0220_E001,0.0,0.0
S08883_L0220_E001,71.4285714286,57.142857142857146
S08890_L0202_E001,0.0,28.571428571428573
S08891_L0220_E001,87.5,87.5
S08935_L0202_E001,57.1428571429,85.71428571428571
S08969_L0241_E001,85.7142857143,100.0
S08971_L0202_E001,85.7142857143,100.0
S08983_L0241_E001,0.0,20.0
S09000_L0220_E001,12.5,0.0
S09011_L0208_E001,90.0,100.0
S09078_L0202_E001,0.0,11.11111111111111
S09094_L0208_E001,0.0,0.0
S09111_L0235_E001,100.0,85.71428571428571
S09152_L0202_E001,71.4285714286,71.42857142857143
S09161_L0202_E001,42.8571428571,42.857142857142854
S09164_L0208_E001,50.0,75.0
S09193_L0202_E001,0.0,0.0
S09227_L0241_E001,50.0,100.0
S09231_L0241_E001,0.0,0.0
S09259_L0208_E001,100.0,100.0
S09262_L0220_E001,0.0,0.0
S09281_L0235_E001,100.0,100.0
S09282_L0208_E001,100.0,100.0
S09297_L0235_E001,100.0,87.5
S09306_L0220_E001,0.0,75.0
S09315_L0220_E001,0.0,14.285714285714286
S09321_L0202_E001,12.5,100.0
S09328_L0202_E001,0.0,100.0
S09338_L0241_E001,100.0,88.88888888888889
S09363_L0241_E001,0.0,0.0
S09377_L0202_E001,0.0,12.5
S09436_L0241_E001,50.0,50.0
S09460_L0241_E001,0.0,55.55555555555556
S09463_L0220_E001,0.0,55.55555555555556
S09515_L0202_E001,88.8888888889,100.0
S09542_L0220_E001,0.0,0.0
S09543_L0235_E001,0.0,14.285714285714286
S09554_L0208_E001,100.0,100.0
S09569_L0241_E001,0.0,12.5
S09573_L0235_E001,0.0,12.5
S09577_L0208_E001,87.5,87.5
S09586_L0208_E001,85.7142857143,14.285714285714286
S09593_L0241_E001,0.0,0.0
S09615_L0241_E001,30.0,100.0
S09641_L0235_E001,28.5714285714,85.71428571428571
S09676_L0235_E001,100.0,100.0
S09678_L0208_E001,30.0,20.0
S09681_L0235_E001,85.7142857143,85.71428571428571
S09684_L0241_E001,0.0,50.0
S09689_L0208_E001,100.0,100.0
S09716_L0235_E001,100.0,100.0
S09717_L0220_E001,87.5,25.0
S09759_L0235_E001,0.0,0.0
S09765_L0235_E001,0.0,0.0
S09777_L0220_E001,100.0,28.571428571428573
S09780_L0220_E001,71.4285714286,85.71428571428571
S09790_L0241_E001,30.0,100.0
S09827_L0235_E001,80.0,60.0
S09828_L0241_E001,0.0,62.5
S09831_L0241_E001,0.0,0.0
S09856_L0235_E001,44.4444444444,55.55555555555556
S09899_L0241_E001,42.8571428571,85.71428571428571
S09928_L0202_E001,0.0,20.0
S09935_L0220_E001,100.0,77.77777777777777
S09951_L0208_E001,0.0,50.0
S09964_L0202_E001,100.0,75.0
S09977_L0241_E001,0.0,0.0
S08515_L0220_E003,100.0,100.0
S08575_L0220_E003,100.0,100.0
S08579_L0202_E003,100.0,100.0
S08582_L0235_E003,100.0,100.0
S08594_L0202_E003,100.0,100.0
S08628_L0208_E003,100.0,100.0
S08644_L0202_E003,100.0,100.0
S08645_L0220_E003,100.0,88.88888888888889
S08651_L0235_E003,100.0,100.0
S08685_L0220_E003,100.0,100.0
S08702_L0241_E003,100.0,100.0
S08707_L0235_E003,100.0,100.0
S08723_L0241_E003,100.0,100.0
S08753_L0202_E003,100.0,100.0
S08765_L0241_E003,100.0,100.0
S08766_L0241_E003,100.0,100.0
S08771_L0220_E003,100.0,100.0
S08781_L0241_E003,100.0,100.0
S08782_L0208_E003,100.0,100.0
S08790_L0220_E003,90.0,100.0
S08795_L0220_E003,100.0,100.0
S08815_L0220_E003,100.0,100.0
S08816_L0235_E003,55.5555555556,88.88888888888889
S08843_L0235_E003,85.7142857143,100.0
S08844_L0202_E003,100.0,100.0
S08905_L0202_E003,90.0,100.0
S08916_L0208_E003,88.8888888889,100.0
S08922_L0208_E003,100.0,100.0
S08923_L0208_E003,100.0,100.0
S08943_L0241_E003,100.0,100.0
S08952_L0235_E003,100.0,100.0
S08965_L0202_E003,77.7777777778,100.0
S08973_L0241_E003,44.4444444444,66.66666666666667
S08997_L0220_E003,37.5,50.0
S09018_L0235_E003,100.0,100.0
S09030_L0208_E003,90.0,100.0
S09061_L0208_E003,100.0,100.0
S09067_L0241_E003,90.0,100.0
S09071_L0235_E003,100.0,100.0
S09128_L0220_E003,90.0,100.0
S09142_L0208_E003,100.0,100.0
S09178_L0220_E003,100.0,100.0
S09181_L0202_E003,60.0,100.0
S09188_L0235_E003,100.0,100.0
S09196_L0235_E003,77.7777777778,100.0
S09209_L0202_E003,22.2222222222,100.0
S09234_L0220_E003,100.0,100.0
S09248_L0241_E003,100.0,100.0
S09261_L0241_E003,88.8888888889,100.0
S09265_L0208_E003,88.8888888889,100.0
S09308_L0208_E003,100.0,100.0
S09325_L0235_E003,100.0,100.0
S09342_L0208_E003,100.0,100.0
S09345_L0235_E003,87.5,100.0
S09365_L0208_E003,70.0,90.0
S09366_L0235_E003,100.0,100.0
S09386_L0202_E003,85.7142857143,100.0
S09387_L0202_E003,70.0,100.0
S09402_L0241_E003,100.0,100.0
S09426_L0202_E003,100.0,100.0
S09429_L0220_E003,66.6666666667,100.0
S09452_L0241_E003,42.8571428571,100.0
S09519_L0202_E003,100.0,100.0
S09520_L0220_E003,100.0,100.0
S09533_L0235_E003,85.7142857143,100.0
S09553_L0220_E003,100.0,100.0
S09574_L0202_E003,87.5,100.0
S09580_L0202_E003,50.0,100.0
S09613_L0202_E003,90.0,100.0
S09626_L0208_E003,100.0,100.0
S09634_L0220_E003,100.0,37.5
S09646_L0241_E003,100.0,100.0
S09649_L0241_E003,60.0,100.0
S09655_L0202_E003,100.0,100.0
S09662_L0220_E003,100.0,100.0
S09669_L0202_E003,55.5555555556,100.0
S09670_L0241_E003,100.0,100.0
S09707_L0241_E003,0.0,87.5
S09715_L0202_E003,100.0,71.42857142857143
S09719_L0208_E003,100.0,100.0
S09740_L0241_E003,90.0,100.0
S09753_L0208_E003,80.0,90.0
S09754_L0208_E003,100.0,100.0
S09793_L0235_E003,85.7142857143,100.0
S09818_L0208_E003,100.0,100.0
S09837_L0202_E003,100.0,100.0
S09844_L0235_E003,77.7777777778,100.0
S09857_L0202_E003,100.0,100.0
S09860_L0235_E003,100.0,100.0
S09862_L0241_E003,85.7142857143,100.0
S09865_L0235_E003,100.0,75.0
S09884_L0235_E003,66.6666666667,100.0
S09892_L0235_E003,100.0,100.0
S09893_L0220_E003,100.0,100.0
S09904_L0235_E003,70.0,90.0
S09907_L0241_E003,22.2222222222,77.77777777777777
S09952_L0202_E003,88.8888888889,100.0
S10000_L0208_E003,100.0,100.0
S08540_L0235_E005,0.0,0.0
S08554_L0241_E005,25.0,75.0
S08555_L0220_E005,0.0,14.285714285714286
S08574_L0235_E005,0.0,0.0
S08590_L0220_E005,25.0,0.0
S08682_L0208_E005,22.2222222222,0.0
S08725_L0208_E005,40.0,80.0
S08745_L0241_E005,28.5714285714,0.0
S08759_L0220_E005,0.0,0.0
S08767_L0235_E005,0.0,0.0
S08778_L0241_E005,0.0,0.0
S08779_L0241_E005,28.5714285714,28.571428571428573
S08780_L0235_E005,100.0,37.5
S08793_L0208_E005,0.0,0.0
S08794_L0220_E005,66.6666666667,66.66666666666667
S08807_L0220_E005,40.0,30.0
S08820_L0241_E005,20.0,50.0
S08854_L0220_E005,0.0,0.0
S08862_L0208_E005,20.0,0.0
S08869_L0235_E005,11.1111111111,77.77777777777777
S08887_L0241_E005,0.0,0.0
S08890_L0220_E005,14.2857142857,28.571428571428573
S08931_L0208_E005,60.0,80.0
S08935_L0220_E005,57.1428571429,0.0
S08959_L0241_E005,0.0,0.0
S08971_L0220_E005,14.2857142857,42.857142857142854
S08976_L0235_E005,0.0,0.0
S08979_L0235_E005,20.0,50.0
S08987_L0235_E005,12.5,0.0
S09034_L0220_E005,0.0,25.0
S09065_L0202_E005,0.0,40.0
S09069_L0208_E005,11.1111111111,77.77777777777777
S09078_L0220_E005,0.0,11.11111111111111
S09088_L0235_E005,0.0,0.0
S09101_L0208_E005,40.0,50.0
S09140_L0235_E005,50.0,30.0
S09152_L0220_E005,0.0,0.0
S09155_L0235_E005,0.0,100.0
S09161_L0220_E005,42.8571428571,0.0
S09193_L0220_E005,42.8571428571,0.0
S09199_L0202_E005,71.4285714286,100.0
S09203_L0235_E005,50.0,62.5
S09245_L0235_E005,0.0,0.0
S09250_L0241_E005,0.0,0.0
S09255_L0208_E005,12.5,0.0
S09270_L0241_E005,20.0,60.0
S09271_L0235_E005,100.0,85.71428571428571
S09298_L0235_E005,0.0,14.285714285714286
S09321_L0220_E005,100.0,75.0
S09328_L0220_E005,62.5,75.0
S09377_L0220_E005,0.0,0.0
S09382_L0241_E005,0.0,0.0
S09397_L0235_E005,0.0,28.571428571428573
S09438_L0241_E005,0.0,100.0
S09446_L0202_E005,71.4285714286,42.857142857142854
S09488_L0241_E005,0.0,0.0
S09515_L0220_E005,55.5555555556,66.66666666666667
S09546_L0208_E005,10.0,0.0
S09571_L0235_E005,62.5,62.5
S09616_L0208_E005,62.5,50.0
S09625_L0208_E005,50.0,0.0
S09628_L0235_E005,44.4444444444,66.66666666666667
S09704_L0208_E005,40.0,70.0
S09714_L0241_E005,37.5,0.0
S09776_L0208_E005,100.0,66.66666666666667
S09803_L0202_E005,42.8571428571,28.571428571428573
S09812_L0220_E005,0.0,0.0
S09819_L0241_E005,0.0,28.571428571428573
S09824_L0241_E005,60.0,80.0
S09841_L0235_E005,0.0,0.0
S09900_L0235_E005,0.0,0.0
S09903_L0241_E005,0.0,0.0
S09913_L0208_E005,14.2857142857,14.285714285714286
S09928_L0220_E005,20.0,10.0
S09964_L0220_E005,100.0,100.0
S09972_L0235_E005,0.0,57.142857142857146
S08512_L0241_E007,50.0,100.0
S08546_L0241_E007,100.0,100.0
S08566_L0235_E007,42.8571428571,42.857142857142854
S08576_L0208_E007,100.0,100.0
S08579_L0220_E007,100.0,85.71428571428571
S08594_L0220_E007,100.0,100.0
S08613_L0241_E007,100.0,100.0
S08614_L0235_E007,100.0,100.0
S08636_L0202_E007,62.5,100.0
S08644_L0220_E007,100.0,100.0
S08690_L0208_E007,85.7142857143,100.0
S08703_L0208_E007,100.0,100.0
S08710_L0202_E007,42.8571428571,100.0
S08713_L0241_E007,100.0,85.71428571428571
S08722_L0241_E007,100.0,100.0
S08735_L0241_E007,50.0,100.0
S08742_L0208_E007,100.0,100.0
S08751_L0208_E007,90.0,100.0
S08753_L0220_E007,100.0,100.0
S08800_L0202_E007,88.8888888889,100.0
S08817_L0202_E007,100.0,100.0
S08818_L0208_E007,100.0,100.0
S08837_L0202_E007,80.0,90.0
S08844_L0220_E007,100.0,100.0
S08867_L0241_E007,71.4285714286,100.0
S08883_L0241_E007,42.8571428571,100.0
S08891_L0241_E007,87.5,100.0
S08897_L0235_E007,100.0,100.0
S08899_L0235_E007,0.0,0.0
S08905_L0220_E007,70.0,100.0
S08929_L0202_E007,90.0,100.0
S08961_L0202_E007,100.0,100.0
S08965_L0220_E007,100.0,100.0
S08977_L0202_E007,100.0,100.0
S09000_L0241_E007,100.0,100.0
S09029_L0202_E007,37.5,87.5
S09082_L0235_E007,100.0,100.0
S09111_L0208_E007,85.7142857143,100.0
S09158_L0235_E007,100.0,100.0
S09181_L0220_E007,90.0,100.0
S09205_L0235_E007,42.8571428571,85.71428571428571
S09209_L0220_E007,100.0,55.55555555555556
S09262_L0241_E007,87.5,100.0
S09264_L0235_E007,100.0,100.0
S09274_L0235_E007,100.0,100.0
S09277_L0202_E007,100.0,100.0
S09280_L0202_E007,100.0,100.0
S09297_L0208_E007,75.0,100.0
S09306_L0241_E007,100.0,100.0
S09315_L0241_E007,57.1428571429,71.42857142857143
S09329_L0202_E007,100.0,100.0
S09332_L0202_E007,87.5,100.0
S09386_L0220_E007,100.0,100.0
S09387_L0220_E007,100.0,100.0
S09426_L0220_E007,50.0,87.5
S09463_L0241_E007,100.0,100.0
S09476_L0235_E007,88.8888888889,100.0
S09480_L0202_E007,60.0,100.0
S09500_L0235_E007,100.0,100.0
S09519_L0220_E007,100.0,100.0
S09529_L0235_E007,100.0,100.0
S09542_L0241_E007,100.0,100.0
S09573_L0208_E007,62.5,100.0
S09574_L0220_E007,100.0,100.0
S09580_L0220_E007,75.0,100.0
S09589_L0235_E007,0.0,42.857142857142854
S09613_L0220_E007,100.0,100.0
S09641_L0208_E007,100.0,100.0
S09655_L0220_E007,100.0,100.0
S09669_L0220_E007,100.0,100.0
S09676_L0208_E007,85.7142857143,85.71428571428571
S09681_L0208_E007,100.0,100.0
S09715_L0220_E007,85.7142857143,85.71428571428571
S09716_L0208_E007,100.0,100.0
S09717_L0241_E007,87.5,87.5
S09752_L0202_E007,85.7142857143,100.0
S09759_L0208_E007,25.0,87.5
S09765_L0208_E007,71.4285714286,100.0
S09767_L0202_E007,100.0,100.0
S09770_L0202_E007,25.0,87.5
S09777_L0241_E007,71.4285714286,100.0
S09780_L0241_E007,100.0,100.0
S09827_L0208_E007,40.0,100.0
S09837_L0220_E007,100.0,100.0
S09846_L0235_E007,100.0,100.0
S09856_L0208_E007,100.0,77.77777777777777
S09857_L0220_E007,100.0,100.0
S09935_L0241_E007,88.8888888889,100.0
S09952_L0220_E007,100.0,100.0
S09969_L0202_E007,100.0,100.0
S08508_L0202_E009,100.0,100.0
S08510_L0220_E009,100.0,100.0
S08515_L0241_E009,100.0,85.71428571428571
S08575_L0241_E009,90.0,100.0
S08582_L0208_E009,100.0,100.0
S08616_L0220_E009,100.0,100.0
S08625_L0235_E009,100.0,100.0
S08645_L0241_E009,77.7777777778,88.88888888888889
S08651_L0208_E009,100.0,100.0
S08658_L0220_E009,71.4285714286,100.0
S08685_L0241_E009,85.7142857143,57.142857142857146
S08707_L0208_E009,100.0,100.0
S08732_L0235_E009,100.0,100.0
S08739_L0202_E009,90.0,100.0
S08771_L0241_E009,100.0,100.0
S08790_L0241_E009,100.0,100.0
S08791_L0235_E009,100.0,100.0
S08795_L0241_E009,90.0,100.0
S08815_L0241_E009,100.0,100.0
S08816_L0208_E009,55.5555555556,55.55555555555556
S08843_L0208_E009,100.0,100.0
S08875_L0220_E009,100.0,90.0
S08889_L0235_E009,85.7142857143,100.0
S08928_L0202_E009,100.0,100.0
S08939_L0220_E009,85.7142857143,100.0
S08952_L0208_E009,100.0,100.0
S08993_L0235_E009,100.0,100.0
S08997_L0241_E009,75.0,75.0
S09018_L0208_E009,100.0,100.0
S09049_L0220_E009,100.0,100.0
S09065_L0220_E009,100.0,100.0
S09071_L0208_E009,100.0,100.0
S09073_L0235_E009,100.0,100.0
S09092_L0235_E009,100.0,100.0
S09107_L0220_E009,77.7777777778,100.0
S09125_L0202_E009,100.0,100.0
S09128_L0241_E009,100.0,100.0
S09156_L0202_E009,100.0,100.0
S09175_L0235_E009,100.0,100.0
S09178_L0241_E009,100.0,100.0
S09188_L0208_E009,100.0,100.0
S09196_L0208_E009,88.8888888889,100.0
S09199_L0220_E009,100.0,100.0
S09208_L0220_E009,100.0,100.0
S09214_L0235_E009,100.0,100.0
S09234_L0241_E009,71.4285714286,100.0
S09276_L0235_E009,85.7142857143,100.0
S09317_L0235_E009,85.7142857143,100.0
S09325_L0208_E009,88.8888888889,77.77777777777777
S09341_L0220_E009,100.0,100.0
S09343_L0202_E009,100.0,85.71428571428571
S09345_L0208_E009,87.5,100.0
S09362_L0202_E009,100.0,100.0
S09366_L0208_E009,90.0,60.0
S09378_L0241_E009,40.0,100.0
S09380_L0220_E009,28.5714285714,0.0
S09398_L0220_E009,85.7142857143,28.571428571428573
S09429_L0241_E009,33.3333333333,55.55555555555556
S09446_L0220_E009,85.7142857143,85.71428571428571
S09448_L0202_E009,90.0,100.0
S09470_L0220_E009,77.7777777778,55.55555555555556
S09485_L0235_E009,100.0,100.0
S09510_L0220_E009,100.0,100.0
S09520_L0241_E009,100.0,100.0
S09532_L0220_E009,100.0,100.0
S09533_L0208_E009,71.4285714286,100.0
S09553_L0241_E009,80.0,100.0
S09581_L0220_E009,100.0,100.0
S09621_L0202_E009,100.0,100.0
S09634_L0241_E009,25.0,100.0
S09662_L0241_E009,100.0,100.0
S09673_L0235_E009,87.5,100.0
S09677_L0202_E009,100.0,100.0
S09793_L0208_E009,14.2857142857,0.0
S09803_L0220_E009,100.0,100.0
S09830_L0220_E009,100.0,100.0
S09844_L0208_E009,100.0,66.66666666666667
S09860_L0208_E009,85.7142857143,71.42857142857143
S09861_L0202_E009,100.0,71.42857142857143
S09865_L0208_E009,62.5,62.5
S09866_L0235_E009,87.5,87.5
S09877_L0202_E009,100.0,100.0
S09884_L0208_E009,100.0,100.0
S09892_L0208_E009,100.0,100.0
S09893_L0241_E009,100.0,100.0
S09894_L0235_E009,100.0,100.0
S09904_L0208_E009,70.0,90.0
S09911_L0202_E009,100.0,100.0
S09915_L0202_E009,87.5,100.0
S08532_L0202_E010,100.0,100.0
S08537_L0202_E010,71.4285714286,57.142857142857146
S08540_L0208_E010,66.6666666667,77.77777777777777
S08555_L0241_E010,100.0,100.0
S08574_L0208_E010,100.0,88.88888888888889
S08578_L0235_E010,100.0,100.0
S08590_L0241_E010,75.0,87.5
S08606_L0235_E010,88.8888888889,100.0
S08636_L0220_E010,100.0,100.0
S08683_L0235_E010,77.7777777778,100.0
S08710_L0220_E010,42.8571428571,100.0
S08727_L0235_E010,66.6666666667,88.88888888888889
S08759_L0241_E010,77.7777777778,100.0
S08767_L0208_E010,100.0,87.5
S08780_L0208_E010,100.0,100.0
S08785_L0235_E010,88.8888888889,100.0
S08794_L0241_E010,100.0,100.0
S08800_L0220_E010,88.8888888889,88.88888888888889
S08807_L0241_E010,20.0,100.0
S08809_L0235_E010,77.7777777778,77.77777777777777
S08817_L0220_E010,100.0,100.0
S08836_L0202_E010,100.0,100.0
S08837_L0220_E010,100.0,100.0
S08854_L0241_E010,70.0,100.0
S08869_L0208_E010,100.0,100.0
S08890_L0241_E010,71.4285714286,85.71428571428571
S08901_L0235_E010,62.5,100.0
S08911_L0220_E010,100.0,87.5
S08929_L0220_E010,100.0,100.0
S08935_L0241_E010,100.0,100.0
S08956_L0202_E010,100.0,100.0
S08971_L0241_E010,100.0,85.71428571428571
S08976_L0208_E010,100.0,100.0
S08977_L0220_E010,100.0,100.0
S08979_L0208_E010,100.0,100.0
S08980_L0202_E010,75.0,75.0
S08987_L0208_E010,100.0,100.0
S08998_L0235_E010,28.5714285714,71.42857142857143
S09029_L0220_E010,37.5,87.5
S09034_L0241_E010,75.0,100.0
S09047_L0235_E010,87.5,100.0
S09078_L0241_E010,100.0,100.0
S09088_L0208_E010,62.5,100.0
S09136_L0235_E010,100.0,100.0
S09140_L0208_E010,100.0,100.0
S09144_L0235_E010,100.0,100.0
S09152_L0241_E010,100.0,85.71428571428571
S09154_L0235_E010,70.0,100.0
S09155_L0208_E010,100.0,100.0
S09161_L0241_E010,85.7142857143,71.42857142857143
S09193_L0241_E010,100.0,100.0
S09203_L0208_E010,87.5,75.0
S09245_L0208_E010,100.0,100.0
S09246_L0235_E010,70.0,80.0
S09271_L0208_E010,100.0,100.0
S09277_L0220_E010,100.0,100.0
S09280_L0220_E010,100.0,100.0
S09298_L0208_E010,100.0,85.71428571428571
S09321_L0241_E010,100.0,100.0
S09328_L0241_E010,100.0,100.0
S09329_L0220_E010,0.0,100.0
S09332_L0220_E010,37.5,100.0
S09339_L0235_E010,75.0,87.5
S09350_L0202_E010,77.7777777778,88.88888888888889
S09351_L0202_E010,100.0,100.0
S09352_L0202_E010,100.0,100.0
S09377_L0241_E010,0.0,0.0
S09397_L0208_E010,85.7142857143,85.71428571428571
S09474_L0202_E010,100.0,87.5
S09480_L0220_E010,80.0,80.0
S09483_L0202_E010,10.0,70.0
S09502_L0202_E010,90.0,30.0
S09515_L0241_E010,100.0,100.0
S09525_L0235_E010,77.7777777778,100.0
S09564_L0235_E010,75.0,75.0
S09571_L0208_E010,87.5,100.0
S09579_L0202_E010,100.0,100.0
S09587_L0202_E010,100.0,100.0
S09596_L0235_E010,14.2857142857,100.0
S09606_L0235_E010,0.0,77.77777777777777
S09620_L0202_E010,71.4285714286,85.71428571428571
S09628_L0208_E010,100.0,100.0
S09637_L0202_E010,28.5714285714,14.285714285714286
S09733_L0235_E010,33.3333333333,100.0
S09752_L0220_E010,100.0,100.0
S09767_L0220_E010,100.0,100.0
S09770_L0220_E010,0.0,12.5
S09812_L0241_E010,0.0,75.0
S09841_L0208_E010,42.8571428571,57.142857142857146
S09900_L0208_E010,100.0,100.0
S09908_L0235_E010,0.0,100.0
S09919_L0202_E010,40.0,100.0
S09928_L0241_E010,90.0,100.0
S09934_L0202_E010,0.0,88.88888888888889
S09945_L0235_E010,42.8571428571,85.71428571428571
S09964_L0241_E010,100.0,100.0
S09969_L0220_E010,100.0,90.0
S09972_L0208_E010,100.0,100.0
S08508_L0220_E013,100.0,100.0
S08529_L0235_E013,71.4285714286,100.0
S08558_L0202_E013,80.0,100.0
S08566_L0208_E013,100.0,100.0
S08579_L0241_E013,100.0,100.0
S08594_L0241_E013,100.0,100.0
S08600_L0202_E013,100.0,100.0
S08614_L0208_E013,100.0,100.0
S08644_L0241_E013,100.0,100.0
S08653_L0235_E013,100.0,100.0
S08660_L0235_E013,100.0,100.0
S08739_L0220_E013,100.0,100.0
S08753_L0241_E013,88.8888888889,100.0
S08844_L0241_E013,100.0,100.0
S08895_L0220_E013,100.0,100.0
S08897_L0208_E013,100.0,100.0
S08899_L0208_E013,100.0,100.0
S08905_L0241_E013,100.0,100.0
S08949_L0235_E013,100.0,100.0
S08950_L0235_E013,100.0,100.0
S08965_L0241_E013,88.8888888889,100.0
S08969_L0202_E013,100.0,100.0
S08983_L0202_E013,60.0,100.0
S09040_L0235_E013,100.0,100.0
S09080_L0235_E013,90.0,100.0
S09082_L0208_E013,100.0,100.0
S09156_L0220_E013,100.0,100.0
S09158_L0208_E013,100.0,100.0
S09181_L0241_E013,50.0,100.0
S09205_L0208_E013,100.0,100.0
S09209_L0241_E013,55.5555555556,100.0
S09227_L0202_E013,100.0,100.0
S09231_L0202_E013,100.0,100.0
S09264_L0208_E013,100.0,100.0
S09274_L0208_E013,100.0,100.0
S09288_L0235_E013,100.0,100.0
S09314_L0235_E013,85.7142857143,100.0
S09338_L0202_E013,100.0,100.0
S09343_L0220_E013,100.0,85.71428571428571
S09362_L0220_E013,85.7142857143,100.0
S09363_L0202_E013,100.0,100.0
S09386_L0241_E013,85.7142857143,100.0
S09387_L0241_E013,20.0,100.0
S09396_L0235_E013,100.0,100.0
S09426_L0241_E013,37.5,100.0
S09436_L0202_E013,100.0,100.0
S09448_L0220_E013,100.0,100.0
S09450_L0235_E013,100.0,100.0
S09451_L0235_E013,100.0,100.0
S09460_L0202_E013,100.0,100.0
S09476_L0208_E013,100.0,100.0
S09500_L0208_E013,100.0,100.0
S09509_L0235_E013,87.5,100.0
S09519_L0241_E013,100.0,100.0
S09529_L0208_E013,88.8888888889,100.0
S09569_L0202_E013,100.0,100.0
S09574_L0241_E013,37.5,100.0
S09580_L0241_E013,12.5,100.0
S09589_L0208_E013,100.0,100.0
S09593_L0202_E013,100.0,100.0
S09613_L0241_E013,90.0,100.0
S09615_L0202_E013,100.0,100.0
S09621_L0220_E013,100.0,100.0
S09655_L0241_E013,100.0,100.0
S09666_L0235_E013,87.5,100.0
S09669_L0241_E013,88.8888888889,100.0
S09677_L0220_E013,100.0,100.0
S09684_L0202_E013,100.0,100.0
S09715_L0241_E013,85.7142857143,71.42857142857143
S09790_L0202_E013,80.0,100.0
S09811_L0235_E013,100.0,100.0
S09828_L0202_E013,100.0,100.0
S09831_L0202_E013,71.4285714286,100.0
S09833_L0235_E013,100.0,100.0
S09837_L0241_E013,100.0,100.0
S09846_L0208_E013,100.0,100.0
S09857_L0241_E013,100.0,100.0
S09861_L0220_E013,100.0,100.0
S09877_L0220_E013,100.0,100.0
S09899_L0202_E013,100.0,100.0
S09911_L0220_E013,100.0,100.0
S09915_L0220_E013,100.0,100.0
S09920_L0208_E013,100.0,100.0
S09922_L0235_E013,77.7777777778,100.0
S09952_L0241_E013,88.8888888889,100.0
S09961_L0235_E013,100.0,100.0
S09977_L0202_E013,100.0,100.0
S08508_L0241_E019,71.4285714286,100.0
S08512_L0202_E019,100.0,100.0
S08529_L0208_E019,71.4285714286,100.0
S08546_L0202_E019,100.0,100.0
S08613_L0202_E019,71.4285714286,100.0
S08628_L0235_E019,100.0,100.0
S08653_L0208_E019,100.0,100.0
S08660_L0208_E019,100.0,100.0
S08702_L0220_E019,100.0,100.0
S08713_L0202_E019,100.0,100.0
S08722_L0202_E019,100.0,100.0
S08723_L0220_E019,100.0,100.0
S08735_L0202_E019,25.0,100.0
S08739_L0241_E019,60.0,100.0
S08765_L0220_E019,100.0,100.0
S08766_L0220_E019,100.0,100.0
S08781_L0220_E019,100.0,100.0
S08782_L0235_E019,100.0,100.0
S08867_L0202_E019,71.4285714286,100.0
S08883_L0202_E019,100.0,100.0
S08891_L0202_E019,100.0,100.0
S08895_L0241_E019,100.0,100.0
S08916_L0235_E019,100.0,100.0
S08922_L0235_E019,85.7142857143,100.0
S08923_L0235_E019,100.0,100.0
S08928_L0241_E019,100.0,100.0
S08943_L0220_E019,100.0,100.0
S08949_L0208_E019,100.0,100.0
S08950_L0208_E019,100.0,100.0
S08973_L0220_E019,88.8888888889,100.0
S09000_L0202_E019,100.0,100.0
S09030_L0235_E019,100.0,100.0
S09040_L0208_E019,100.0,100.0
S09061_L0235_E019,100.0,100.0
S09067_L0220_E019,100.0,100.0
S09080_L0208_E019,100.0,100.0
S09125_L0241_E019,100.0,100.0
S09142_L0235_E019,100.0,100.0
S09156_L0241_E019,100.0,100.0
S09248_L0220_E019,100.0,100.0
S09261_L0220_E019,100.0,100.0
S09262_L0202_E019,100.0,100.0
S09265_L0235_E019,100.0,100.0
S09288_L0208_E019,100.0,100.0
S09306_L0202_E019,87.5,100.0
S09308_L0235_E019,100.0,100.0
S09314_L0208_E019,100.0,100.0
S09315_L0202_E019,71.4285714286,100.0
S09342_L0235_E019,100.0,100.0
S09343_L0241_E019,100.0,85.71428571428571
S09362_L0241_E019,85.7142857143,100.0
S09365_L0235_E019,90.0,100.0
S09396_L0208_E019,100.0,100.0
S09402_L0220_E019,90.0,100.0
S09448_L0241_E019,90.0,100.0
S09450_L0208_E019,100.0,100.0
S09451_L0208_E019,100.0,100.0
S09452_L0220_E019,85.7142857143,100.0
S09463_L0202_E019,100.0,100.0
S09509_L0208_E019,100.0,100.0
S09542_L0202_E019,85.7142857143,100.0
S09621_L0241_E019,100.0,100.0
S09626_L0235_E019,62.5,100.0
S09646_L0220_E019,87.5,100.0
S09649_L0220_E019,100.0,100.0
S09666_L0208_E019,100.0,100.0
S09670_L0220_E019,100.0,100.0
S09677_L0241_E019,100.0,100.0
S09707_L0220_E019,100.0,100.0
S09717_L0202_E019,100.0,100.0
S09719_L0235_E019,87.5,87.5
S09740_L0220_E019,100.0,100.0
S09753_L0235_E019,70.0,80.0
S09754_L0235_E019,100.0,100.0
S09777_L0202_E019,71.4285714286,85.71428571428571
S09780_L0202_E019,100.0,100.0
S09811_L0208_E019,100.0,100.0
S09818_L0235_E019,87.5,100.0
S09833_L0208_E019,100.0,85.71428571428571
S09861_L0241_E019,100.0,100.0
S09862_L0220_E019,100.0,100.0
S09870_L0208_E019,87.5,87.5
S09877_L0241_E019,87.5,87.5
S09907_L0220_E019,77.7777777778,77.77777777777777
S09911_L0241_E019,100.0,100.0
S09915_L0241_E019,100.0,100.0
S09922_L0208_E019,100.0,100.0
S09935_L0202_E019,100.0,100.0
S09961_L0208_E019,100.0,85.71428571428571
S10000_L0235_E019,100.0,100.0
S08515_L0202_E021,100.0,100.0
S08532_L0241_E021,100.0,100.0
S08537_L0241_E021,57.1428571429,85.71428571428571
S08575_L0202_E021,90.0,100.0
S08627_L0208_E021,100.0,88.88888888888889
S08637_L0208_E021,100.0,100.0
S08645_L0202_E021,100.0,88.88888888888889
S08652_L0208_E021,100.0,100.0
S08682_L0235_E021,0.0,100.0
S08685_L0202_E021,100.0,100.0
S08725_L0235_E021,40.0,100.0
S08743_L0208_E021,71.4285714286,100.0
S08745_L0220_E021,100.0,85.71428571428571
S08750_L0208_E021,100.0,100.0
S08771_L0202_E021,88.8888888889,100.0
S08778_L0220_E021,100.0,100.0
S08779_L0220_E021,100.0,100.0
S08790_L0202_E021,90.0,100.0
S08793_L0235_E021,100.0,100.0
S08795_L0202_E021,100.0,100.0
S08815_L0202_E021,100.0,100.0
S08820_L0220_E021,90.0,100.0
S08836_L0241_E021,100.0,100.0
S08853_L0208_E021,100.0,100.0
S08862_L0235_E021,100.0,100.0
S08887_L0220_E021,100.0,100.0
S08903_L0208_E021,100.0,100.0
S08931_L0235_E021,40.0,100.0
S08956_L0241_E021,87.5,100.0
S08959_L0220_E021,85.7142857143,100.0
S08980_L0241_E021,75.0,75.0
S08997_L0202_E021,87.5,75.0
S09069_L0235_E021,100.0,100.0
S09086_L0208_E021,90.0,100.0
S09101_L0235_E021,100.0,90.0
S09128_L0202_E021,100.0,100.0
S09178_L0202_E021,100.0,100.0
S09228_L0208_E021,100.0,100.0
S09234_L0202_E021,100.0,100.0
S09250_L0220_E021,100.0,100.0
S09255_L0235_E021,100.0,100.0
S09270_L0220_E021,100.0,100.0
S09346_L0208_E021,100.0,100.0
S09350_L0241_E021,66.6666666667,88.88888888888889
S09351_L0241_E021,87.5,100.0
S09352_L0241_E021,100.0,100.0
S09378_L0202_E021,70.0,100.0
S09382_L0220_E021,100.0,100.0
S09406_L0208_E021,100.0,100.0
S09429_L0202_E021,77.7777777778,100.0
S09438_L0220_E021,100.0,100.0
S09455_L0208_E021,100.0,100.0
S09459_L0208_E021,88.8888888889,88.88888888888889
S09474_L0241_E021,100.0,100.0
S09483_L0241_E021,60.0,100.0
S09488_L0220_E021,100.0,100.0
S09502_L0241_E021,100.0,100.0
S09520_L0202_E021,87.5,100.0
S09540_L0208_E021,100.0,100.0
S09546_L0235_E021,100.0,100.0
S09553_L0202_E021,100.0,100.0
S09579_L0241_E021,100.0,100.0
S09587_L0241_E021,100.0,100.0
S09616_L0235_E021,62.5,100.0
S09620_L0241_E021,100.0,100.0
S09625_L0235_E021,100.0,100.0
S09627_L0208_E021,100.0,100.0
S09634_L0202_E021,37.5,37.5
S09637_L0241_E021,100.0,85.71428571428571
S09662_L0202_E021,100.0,100.0
S09704_L0235_E021,100.0,100.0
S09714_L0220_E021,100.0,100.0
S09776_L0235_E021,88.8888888889,100.0
S09819_L0220_E021,100.0,100.0
S09824_L0220_E021,100.0,100.0
S09893_L0202_E021,100.0,100.0
S09903_L0220_E021,77.7777777778,100.0
S09913_L0235_E021,71.4285714286,100.0
S09919_L0241_E021,90.0,100.0
S09923_L0208_E021,100.0,100.0
S09934_L0241_E021,100.0,100.0
S09971_L0208_E021,100.0,100.0
S08554_L0202_E018,100.0,87.5
S08558_L0220_E018,50.0,100.0
S08561_L0235_E018,85.7142857143,85.71428571428571
S08578_L0208_E018,100.0,100.0
S08600_L0220_E018,100.0,100.0
S08606_L0208_E018,88.8888888889,100.0
S08636_L0241_E018,100.0,75.0
S08683_L0208_E018,100.0,77.77777777777777
S08686_L0235_E018,71.4285714286,42.857142857142854
S08689_L0235_E018,100.0,100.0
S08710_L0241_E018,0.0,42.857142857142854
S08727_L0208_E018,100.0,100.0
S08745_L0202_E018,85.7142857143,85.71428571428571
S08752_L0235_E018,100.0,71.42857142857143
S08778_L0202_E018,71.4285714286,71.42857142857143
S08779_L0202_E018,57.1428571429,57.142857142857146
S08785_L0208_E018,100.0,66.66666666666667
S08800_L0241_E018,0.0,88.88888888888889
S08809_L0208_E018,77.7777777778,77.77777777777777
S08817_L0241_E018,100.0,100.0
S08820_L0202_E018,10.0,100.0
S08837_L0241_E018,20.0,100.0
S08887_L0202_E018,0.0,33.333333333333336
S08901_L0208_E018,100.0,100.0
S08911_L0241_E018,0.0,100.0
S08929_L0241_E018,0.0,80.0
S08959_L0202_E018,42.8571428571,71.42857142857143
S08961_L0241_E018,12.5,100.0
S08969_L0220_E018,85.7142857143,85.71428571428571
S08977_L0241_E018,100.0,85.71428571428571
S08983_L0220_E018,20.0,60.0
S08998_L0208_E018,85.7142857143,14.285714285714286
S09011_L0235_E018,100.0,100.0
S09029_L0241_E018,12.5,87.5
S09047_L0208_E018,100.0,87.5
S09094_L0235_E018,100.0,87.5
S09136_L0208_E018,100.0,100.0
S09144_L0208_E018,100.0,100.0
S09154_L0208_E018,60.0,50.0
S09164_L0235_E018,87.5,100.0
S09227_L0220_E018,100.0,100.0
S09231_L0220_E018,10.0,40.0
S09246_L0208_E018,100.0,80.0
S09250_L0202_E018,100.0,71.42857142857143
S09259_L0235_E018,85.7142857143,100.0
S09270_L0202_E018,100.0,100.0
S09277_L0241_E018,0.0,100.0
S09280_L0241_E018,75.0,100.0
S09282_L0235_E018,100.0,100.0
S09329_L0241_E018,0.0,100.0
S09332_L0241_E018,0.0,100.0
S09338_L0220_E018,100.0,100.0
S09339_L0208_E018,100.0,87.5
S09363_L0220_E018,75.0,100.0
S09382_L0202_E018,28.5714285714,85.71428571428571
S09436_L0220_E018,100.0,100.0
S09438_L0202_E018,88.8888888889,100.0
S09460_L0220_E018,100.0,100.0
S09480_L0241_E018,0.0,40.0
S09488_L0202_E018,50.0,100.0
S09525_L0208_E018,88.8888888889,88.88888888888889
S09554_L0235_E018,100.0,100.0
S09564_L0208_E018,62.5,50.0
S09569_L0220_E018,100.0,62.5
S09577_L0235_E018,100.0,87.5
S09586_L0235_E018,100.0,14.285714285714286
S09593_L0220_E018,85.7142857143,100.0
S09596_L0208_E018,85.7142857143,100.0
S09606_L0208_E018,0.0,0.0
S09615_L0220_E018,100.0,90.0
S09678_L0235_E018,70.0,70.0
S09684_L0220_E018,90.0,90.0
S09689_L0235_E018,80.0,100.0
S09714_L0202_E018,100.0,100.0
S09733_L0208_E018,66.6666666667,100.0
S09752_L0241_E018,57.1428571429,85.71428571428571
S09767_L0241_E018,100.0,100.0
S09770_L0241_E018,0.0,25.0
S09790_L0220_E018,100.0,100.0
S09819_L0202_E018,85.7142857143,100.0
S09824_L0202_E018,90.0,100.0
S09828_L0220_E018,87.5,100.0
S09831_L0220_E018,0.0,42.857142857142854
S09899_L0220_E018,85.7142857143,85.71428571428571
S09903_L0202_E018,0.0,33.333333333333336
S09908_L0208_E018,42.8571428571,0.0
S09945_L0208_E018,100.0,71.42857142857143
S09951_L0235_E018,0.0,12.5
S09969_L0241_E018,80.0,100.0
S09977_L0220_E018,25.0,87.5
